Summary,Keywords,Meaningful keywords,IoCs
"Hive ransomware hits Damart clothing store with $2 million ransom

Damart, a French clothing company with over 130 stores across the world, is being extorted for $2 million after a cyberattack from the Hive ransomware gang. [...]

via BleepingComputer (author: Bill Toulas).","[['damart', 'ransomware', 'hive', 'clothing', 'store', 'ransom', '@damart_uk', 'order', 'cybersecurity', 'amp']]","[""['damart', 'indicator']""]",none
"Ransomware attack severs 1,000 ships from their on-shore servers 
#cybersecurity #infosec #hacker #security #cyber #tech #cybercrime #CyberSecurity #CyberSecurityTips #News 

https://t.co/zv3chmQxoW","[['shore', 'ransomware', 'ships', 'servers', 'attack', 'cybersecurity', 'shipmanager', 'security', 'infosec', '@theregister']]","[""['nginx', 'indicator']""]",none
"RT TheHackersNews ""Open source repositories under attack: hackers flood NuGet, NPM, and PyPi with over 144,000 malicious packages

Details: https://t.co/X7mY27zmwW

#cybersecurity #hacking #malware #programming #developer #codinglife"" Stay up-to-date: https://t.co/m6tBp3UgeL","[['packages', 'nuget', 'npm', 'pypi', 'source', 'repositories', 'phishing', 'hackers', 'cybersecurity', 'open']]",none,none
"A #ransomware attack during Super Bowl week on San Francisco 49ers systems that breached nearly 21,000 individual ticket-holder and other files has resulted in a class action lawsuit filed against the organization &gt; https://t.co/dOjEGG4MW1

#cybersecurity #databreach #dataprivacy","[['ticket', 'holder', 'bowl', '49ers', 'attack', 'suite', 'cybersecurity', 'pm', 'game', 'feb.']]","[""['49ers', 'organization'], ['cole', 'product']""]",none
"Data Breach at Louisiana Healthcare Provider Impacts 270,000 Patients: Southwest Louisiana healthcare provider Lake Charles Memorial Health System (LCMHS) is informing roughly 270,000 patients that their personal and‚Ä¶ https://t.co/kmkAHdAZS0 #security #cybersecurity #technology","[['lcmhs', 'louisiana', 'patients', 'hospital', 'attack', 'ransomware', 'health', 'cybersecurity', 'charles', 'lake']]",none,"['CVE-2022-27518', 'CVE-2022-27510']"
"CircleCI's hack caused by malware stealing engineer's 2FA-backed session https://t.co/GqzfYDl6vW 

#Cybersecurity #cybercrime #cyberattacks #hacker #hack #breach #phishing #dos #ransomware #malware https://t.co/F5w4cZK78y","[['malware', 'session', 'hack', 'engineer', 'circleci', 'cybersecurity', 'infosec', 'hacker', 'ransomware', 'story']]",none,none
"BleepinComputer: 35,000 code repos not hacked‚Äîbut clones flood GitHub to serve malware - @Ax_Sharma
https://t.co/MfC8hqatN6 https://t.co/ZDm9njR53q #cybersecurity #hacking #computersecurity #nyc #newyork","[['github', 'code', 'repos', 'malware', 'flood', 'accounts', 'cybersecurity', 'access', 'https://t.co/mvb9siflog', 'media']]",none,none
"San Francisco 49ers: Blackbyte ransomware gang stole info of 20K people - NFL's San Francisco 49ers are mailing notification letters confirming a¬†data breach affecting more than 20,000 individuals following a ransomware attack that hit its network earlie‚Ä¶ https://t.co/F4jNitnDSx","[['nfl', '49ers', 'san', 'francisco', 'attack', 'data', 'breach', 'ransomware', 'letters', 'notification']]",none,none
"Hackers weaponize #Microsoft Visual Studio add-ins to push #malware 

https://t.co/Yxw2Utt9Dc

#RCE #ZeroTrust #ZeroDay #cybercrime #hacker #privacy #APT #bot #CISO #DDoS #hacking #phishing #CyberAttack #cybersecurity #Security #infosec #AppSec #cyber #databreach #Hacked #plugin","[['microsoft', 'visual', 'studio', 'hackers', 'ins', 'malware', 'cybersecurity', 'infosec', 'security', 'office']]",none,none
"Cisco Talos highlights a new vector for malicious code to Microsoft Excel‚Äîmalicious add-ins, specifically XLL files. Although XLL files were supported since early Excel versions of Excel, malicious actors started using them relatively recently. https://t.co/yVqEE0uhvb","[['xll', 'ins', 'excel', 'microsoft', 'add', 'malware', 'internet', 'delivery', 'cybersecurity', 'security']]","[""['xll', 'org'], ['microsoft', 'organization'], ['excel', 'system'], ['cisco', 'organization']""]",none
"#crypto #bitcoin #altcoin #NFTs #btc #eth #xrp
Google Ads-delivered malware drains NFT influencer‚Äôs entire crypto wallet
Source : Cointelegraph
Blog : https://t.co/PCnHEZ3Rft
Link : https://t.co/l9vQoxX0IT
For latest crypto news press Follow!","[['nft', 'crypto', 'influencer', 'malware', 'drains', 'google', 'ads', 'wallet', 'nfts', 'cryptonews']]","[""['google', 'organization'], ['cointelegraph', 'organization']""]",none
"The ALPHV ransomware gang, aka BlackCat, has claimed responsibility for an attack against Creos Luxembourg S.A. last week, a natural gas pipeline and electricity network operator in the central European country.

https://t.co/snteishclz

#cybersecurity #ransomware #cyberattack","[['blackcat', 'creos', 'ransomware', 'luxembourg', 'gang', 'alphv', 's.a.', 'data', 'cyberattack', 'pipeline']]",none,none
"Maui and DTrack malware in the service of Andariel | Kaspersky official blog

Our experts investigated the activity of Andariel, believed to be a subgroup of the Lazarus APT group. Cybercriminals use DTrack malware and Maui ransomware to attack businesse‚Ä¶ https://t.co/7sLp6Dqpda","[['maui', 'andariel', 'dtrack', 'ransomware', 'attacks', 'cybersecurity', 'malware', 'kaspersky', 'apt', 'lazarus']]","[""['kaspersky', 'malware']""]","['CVE-2017-10271', '8.8.8.8', '145.232.235.222', 'a557a0c67b5baa7cf64bd4d42103d3b2852f67acf96b4c5f14992c1289b55eaa', '6122c94cbfa11311bea7129ecd5aea6fae6c51d23228f7378b5f6b2398728f67', '92adc5ea29491d9245876ba0b2957393633c9998eb47b3ae1344c13a44cd59ae', '60425a4d5ee04c8ae09bfe28ca33bf9e76a43f69548b2704956d0875a0f25145', '1c4aa2cbe83546892c98508cad9da592089ef777', '94db86c214f4ab401e84ad26bb0c9c246059daff', 'feb79a5a2bdf0bcf0777ee51782dc50d2901bb91', '102a6954a16e80de814bee7ae2b893f1fa196613', '87e3fc08c01841999a8ad8fe25f12fe4', '95247511a611ba3d8581c7c6b8b1a38a', 'ad4eababfe125110299e5a24be84472e', '5bc4b606f4c0f8cd2e6787ae049bf5bb', '2f553cba839ca4dab201d3f8154bae2a', 'cf236bf5b41d26967b1ce04ebbdb4041', 'f2f787868a3064407d79173ac5fc0864', '739812e2ae1327a94e441719b885bd19', '865078d080e594d1fb5c6985e4100f38', '/c ipconfig /all > ""%Temp%\\temp\\res.ip', '5:00pm 75 min Crimeware and financial predictions for 2023 Marc Rivero Dan Demeter Dmitry Galov Reports Not just an infostealer: Gopuram backdoor deployed through 3CX supply chain attack A DLL named guard64.dll', '/ c ipconfig / all > ""%Temp%\\temp\\res.ip', 'C:\\Windows\\Temp\\temp\\maui.exe', '/c netstat -naop tcp > ""%Temp%\\temp\\netstat.res', '/c tasklist > ""%Temp%\\temp\\task.list', '/ c tasklist > ""%Temp%\\temp\\task.list', 'C:\\Windows\\Temp\\temp\\mvhost.exe', '/c netsh interface show interface > ""%Temp%\\temp\\netsh.res', 'C:\\Windows\\system32\\cmd.exe', 'C:\\Windows\\Temp\\temp\\bin\\Maui.exe', '/ c netstat - naop tcp > ""%Temp%\\temp\\netstat.res', '/ c netsh interface show interface > ""%Temp%\\temp\\netsh.res', 'C:\\Windows\\Temp\\temp\\bin\\Maui.evd', 'C:\\Windows\\Temp\\temp\\bin\\Maui.key']"
"Seen the photo of the universe taken by the James Webb Telescope? Apparently, it‚Äôs being used to spread #malware. And anti-virus software can‚Äôt detect the malicious code. https://t.co/WDFrR8X1bJ via @engadget
#JamesWebbTelescope #tech #CyberSecurity #cyber https://t.co/WDFrR8X1bJ","[['jameswebbtelescope', 'cybersecurity', 'malware', 'universe', 'webb', 'james', 'code', 'software', 'telescope', 'photo']]","[""['engadget', 'organization'], ['nasa', 'org']""]",none
"üî¥Newsflash
Some Users‚Äô Private Keys Remain At Risk After Exploit: BitKeep CEO

#BitKeep CEO Kevin Como warned that users‚Äô private keys are still at risk after the incident, urging users who had downloaded the Android APK 7.2.9. to transfer their digital assets to a new #wallet. https://t.co/jBhBW7zXaa","[['bitkeep', 'users', 'apk', 'keys', 'ceo', 'version', 'hacker', 'crypto', 'hack', 'wallets']]","[""['bitkeep', 'organization'], ['apk', 'org']""]",none
"North Korean Lazarus Group is targeting crypto funds with a new spin on an old trick https://t.co/EGeguroDqu News

Microsoft and cybersecurity firm Volexity have traced a new version of AppleJeus malware to the hackers behind the Ronin exploit and numerous other online heists. https://t.co/z0WFIgRBGG","[['malware', 'applejeus', 'cryptocurrency', 'lazarus', 'volexity', 'cybersecurity', 'threat', 'microsoft', 'actor', 'group']]","[""['applejeus', 'malware'], ['volexity', 'organization'], ['microsoft', 'organization']""]",none
"RT TheHackersNews ""Hackers are actively exploiting an unauthenticated RCE #vulnerability (CVE-2022-26134) in unpatched Atlassian Confluence servers to deploy #cryptocurrency mining #malware.

Read: https://t.co/u6WA3BAsLO

#infosec #cybersecurity #hacking"" Stay up-to-date: ausr‚Ä¶","[['cve-2022', 'atlassian', 'confluence', 'vulnerability', 'cryptocurrency', 'mining', 'cybersecurity', 'malware', 'bug', 'rce']]","[""['tac-040', 'indicator'], ['vulnerability', 'vulnerability']""]","['CVE-2022-26134', '106.252.252.226', 'T1518', 'T1053.003', 'T1222.002', 'T1190', 'T1564.001', 'T1562.004', 'T1018', 'T1574.007', 'T1070.004', 'T1496', 'T1021.004', 'T1082', '/etc/ld.so', '/root and /home directories, the script scans for secure shell protocol (SSH) users, keys, and hosts in the .ssh']"
"RT kaspersky ""#ATM and #PoS malware attacks remain lucrative for #hackers as the number of #incidents continue to grow.¬†
We take a look at¬†how ATM &amp; PoS¬†#malware landscape¬†has¬†changed in 2020-2022. üëá¬† https://t.co/VV81n5v32p""","[['pos', 'malware', 'atm', 'landscape', 'cybersecurity', 'look', 'attacks', 'infosec', 'details', 'amp']]","[""['kaspersky', 'organization'], ['pos', 'indicator']""]",['5:00pm 75 min Crimeware and financial predictions for 2023 Marc Rivero Dan Demeter Dmitry Galov Reports Not just an infostealer: Gopuram backdoor deployed through 3CX supply chain attack A DLL named guard64.dll']
"Researchers Reveal Details of New Threats: AXLocker, Octocrypt and Alice Ransomware

Cyble Research and Intelligence Labs has discovered three new ransomware families that encrypt the victims documents and enable a Discor...
#Cybersecurity #Technology
https://t.co/beS0mu474E","[['axlocker', 'ransomware', 'alice', 'octocrypt', 'threats', 'cybersecurity', 'new', 'cyble', 'security', 'wave']]","[""['cyble', 'organization'], ['alice', 'malware'], ['octocrypt', 'malware']""]",['346e7a626d27f9119b795c889881ed3d']
"‚ò†Ô∏è Yanluowang #Ransomware Leaks Analysis: Organization, Collaboration with HelloKitty, Babuk and Conti https://t.co/Ul3OsSGl92 via @Trellix #DFIR #infosec https://t.co/4g96swV0js","[['yanluowang', 'hellokitty', 'collaboration', 'babuk', 'conti', 'ransomware', 'organization', 'analysis', 'leaks', 'group']]","[""['trellix', 'organization'], ['killanas', 'gpe'], ['yanluowang', 'gpe'], ['conti', 'indicator']""]",none
"Russian #Turla #Hackers Hijack Decade-Old #Malware Infrastructure to Deploy New Backdoors
https://t.co/qhxBMJoVuw

#CyberEspionage group observed piggybacking old attack infrasctructure to target Ukraine.
#CyberSecurity #InfoSec #UNC4210 #CyberCrime #Hacking #CyberWar","[['decade', 'malware', 'old', 'hijack', 'turla', 'infrastructure', 'hackers', 'backdoors', 'new', 'cybersecurity']]","[""['russian', 'norp'], ['turla', 'organization']""]",none
"New Boldmove Linux malware used to backdoor Fortinet devices - Suspected Chinese hackers exploited a recently disclosed FortiOS SSL-VPN vulnerability as a zero-day in December, targeting a European government and an African MSP with a new custom 'BOLDMOV‚Ä¶ https://t.co/ZbKB2PANWx","[['vulnerability', 'fortios', 'malware', 'boldmove', 'ssl', 'fortinet', 'vpn', 'hackers', 'cybersecurity', 'day']]","[""['boldmove', 'malware']""]",['CVE-2022-42475']
Beware: Cybercriminals Launch New BrasDex Android Trojan Targeting Brazilian Banking Users: The threat actors behind the Windows banking malware known as Casbaneiro has been attributed as behind a novel Android trojan called¬†BrasDex‚Ä¶ https://t.co/KeRXO71c23 DeepBlue Security https://t.co/5mQRU7fDeA,"[['android', 'casbaneiro', 'brasdex', 'malware', 'banking', 'trojan', 'new', 'users', 'actors', 'windows']]","[""['brasdex', 'malware'], ['android', 'system'], ['windows', 'system'], ['casbaneiro', 'malware'], ['trojan', 'person']""]",none
"The threat actors behind the Black Basta ransomware family have been observed using the Qakbot trojan to deploy the Brute Ratel C4 framework as a second-stage payload in recent attacks.

#cybersecurity #security #infosec #infosecurity #ransomware #cyberattack #malware #hacker https://t.co/nKICzKgimj","[['ransomware', 'black', 'basta', 'qakbot', 'cybersecurity', 'hackers', 'brute', 'threat', 'ratel', 'actors']]","[""['qakbot', 'malware']""]",none
China-linked UNC4191 APT relies on USB Devices in attacks against entities in the Philippines: https://t.co/GBxYwaTas0 by Security Affairs  #infosec #software #technology,"[['usb', 'unc4191', 'devices', 'entities', 'attacks', 'apt', 'philippines', 'china', 'malware', 'group']]",none,['T1091']
"Trend Micro CopperStealer Distributes Malicious Chromium-based Browser Extension to Steal Cryptocurrencies: We tracked the latest deployment of the group behind CopperStealer, this time stealing cryptocurrencies and users‚Äô wallet account information via‚Ä¶ https://t.co/Ulj6sQqVAN https://t.co/y3H0VH7Ho0","[['copperstealer', 'chromium', 'cryptocurrencies', 'browser', 'extension', 'malicious', 'cybersecurity', 'steal', 'malware', 'distributes']]",none,"['/traffic/domain , wherein the data contains the domains of cryptocurrency-related websites based on the cookies found in the machine: blockchain.com']"
"Researchers have linked the hacker group ""Keksec"" to a new campaign that uses malicious Chromium-based browser extensions to spy on machines compromised by the Cloud9 botnet.

Details: https://t.co/vQTouZvN9U

#infosec #cybersecurity #hacking #Google #Chrome #technews https://t.co/UM8nvaXzU8","[['keksec', 'chrome', 'cybersecurity', 'chromium', 'researchers', 'browser', 'hacker', 'details', 'group', 'google']]","[""['zimperium', 'organization'], ['google', 'organization'], ['keksec', 'org'], ['cloud9', 'system']""]","['CVE-2016-7200', 'CVE-2014-6332', 'CVE-2016-0189', 'CVE-2019-9810', 'CVE-2019-11708']"
"‚ñ†‚ñ†‚ñ°‚ñ°‚ñ° Cyber-Attack: A ransomware attack has forced a hospital in France to send patients elsewhere.

The Centre Hospitalier Sud Francilien (CHSF) says the ransomware attack made ""all the hospital's business software, storage systems (including me‚Ä¶ https://t.co/DOmkpMql3g","[['hospital', 'chsf', 'hospitalier', 'attack', 'sud', 'francilien', 'ransomware', 'center', 'patients', 'cyberattack']]","[""['dans', 'norp']""]",none
"Serverless Delivery Lifecycle

Part 1 - Local
‚å®Ô∏è Machine: Engineer's laptop
‚õ¥ Target Env: Dev
‚úÖ Tasks: Build, deploy
‚è± Pipeline: &lt;1min

Part 2 - Remote
üå© Machine: GitHub Actions, CircleCI etc
üõ≥ Target Env: Prod
‚úÖ Tasks: Human review, build, test, deploy
‚è± Pipeline: &lt;1hr https://t.co/hbk7jm2P0h","[['engineer', 'circleci', 'malware', 'laptop', 'session', 'security', 'leads', 'incident', 'hack', 'recent']]","[""['github', 'organization'], ['circleci', 'organization'], ['ci', 'indicator']""]",none
#CircleCI confirms customer data was stolen in malware-powered hack https://t.co/4mzOqCIWdx  #CyberAttack #Malware #SecurityBreach #DataTheft #CustomerData #DeviceSecurity #DataSecurity #InfoSec #ThreatActors #CyberThreats #CyberRisk #Cybersecurity #CyberAwareness #Security,"[['malware', 'circleci', 'data', 'hack', 'customer', 'post', 'security', 'w', 'infosec', 'threatactors']]",none,none
"Researchers have linked the hacker group ""Keksec"" to a new campaign that uses malicious Chromium-based browser extensions to spy on machines compromised by the Cloud9 botnet.

Details: https://t.co/vQTouZvN9U

#infosec #cybersecurity #hacking #Google #Chrome #technews https://t.co/UM8nvaXzU8","[['keksec', 'cloud9', 'cybersecurity', 'chrome', 'browser', 'group', 'malware', 'chromium', 'researchers', 'extensions']]","[""['zimperium', 'organization'], ['google', 'organization'], ['keksec', 'org'], ['cloud9', 'system']""]","['CVE-2016-7200', 'CVE-2014-6332', 'CVE-2016-0189', 'CVE-2019-11708', 'CVE-2019-9810']"
"Chinese Hackers Targeting Online Casinos with GamePlayerFramework Malware

An advanced persistent threat (APT) group of Chinese origin codenamed DiceyF has been linked to a string of attacks aimed at online casinos in Southeast Asia for years. Russian cybersecurity company K‚Ä¶","[['hackers', 'malware', 'diceyf', 'casinos', 'cybersecurity', 'apt', 'string', 'online', 'infosec', 'attacks']]",none,none
"Malware dev open-sources CodeRAT after being exposed

The source code of a remote access trojan (RAT) dubbed 'CodeRAT' has been leaked on GitHub after malware analysts confronted the developer about attacks that used the tool. [...]

via BleepingComputer (author: Bill Toulas).","[['malware', 'sources', 'dev', 'cybersecurity', 'coderat', 'infosec', 'source', 'github', 'bleepingcomputer', 'trojan']]",none,none
"Crypto Miners Using Tox P2P Messenger as Command and Control Server: Threat actors have begun to use the Tox peer-to-peer instant messaging service as a command-and-control method, marking a shift from its earlier role as a contact method for ransomware‚Ä¶ https://t.co/vhYlJWmpeZ","[['peer', 'tox', 'command', 'messaging', 'cybersecurity', 'control', 'service', 'actors', 'threat', 'infosec']]","[""['tox', 'organization']""]",none
"@kaspersky experts take a look at #Prilex, a Brazilian #threatactor that used to focus solely on ATM #malware, but now targets #PoS systems. In one of the largest #ATM attacks, they infected over 1k machines and cloned 28k #creditcards. More details: https://t.co/wzR3BlWH27 https://t.co/EL72DngVDO","[['atm', 'details', 'experts', 'prilex', 'threatactor', 'look', '@kaspersky', 'malware', 'https://t.co/stdrflk1m7', 'https://t.co/nygevah02d']]","[""['prilex', 'malware'], ['kaspersky', 'malware']""]",none
"The ALPHV ransomware gang, aka BlackCat, has claimed responsibility for an attack against Creos Luxembourg S.A. last week, a natural gas pipeline and electricity network operator in the central European country.

https://t.co/snteishclz

#cybersecurity #ransomware #cyberattack","[['blackcat', 'creos', 'luxembourg', 'ransomware', 's.a.', 'gang', 'alphv', 'data', 'cyberattack', 'cybersecurity']]",none,none
Multi-stage crypto-mining malware hides in legitimate apps with month-long delay trigger: The Nitrokod cryptocurrency mining campaign goes to great lengths to avoid detection and can remain active for a number of years. https://t.co/evZmP9muPL,"[['malware', 'mining', 'apps', 'month', 'crypto', 'delay', 'trigger', 'stage', 'cybersecurity', 'campaign']]","[""['nitrokod', 'organization']""]",none
"WARNING: cryptocurrency-mining malware is being spread disguised as legitimate-looking applications, such as Google Translate, on free software download sites and through Google searches. It is recommended to uninstall asap.  
#maleware  #Nitrokod
https://t.co/qRSxLecUB0","[['malware', 'mining', 'google', 'translate', 'cryptocurrency', 'applications', 'crypto', 'software', 'app', 'windows']]",none,none
"Hackers Targeting WebLogic Servers and Docker APIs for Mining Cryptocurrencies

Malicious actors such as Kinsing are taking advantage of both recently disclosed and older security flaws in Oracle WebLogic Server to deliver cryptocurrency-mining malware. Cybersecurity company‚Ä¶","[['weblogic', 'mining', 'cybersecurity', 'malware', 'cryptocurrency', 'oracle', 'hackers', 'vulnerabilities', 'actors', 'server']]",none,"['CVE-2020-14882', 'CVE-2022-26134']"
"New SHC-compiled Linux malware installs cryptominers, DDoS bots https://t.co/UadMfeJYuf #cyber  #awareness #threatintell #CTI #intelligence #detect_and_response #EDR #XDR #CyberThreat #CyberThreatIntelligence #Zeroday #Vulnerability #RiskManagement #VulnerabilityAssesment #Thir‚Ä¶","[['malware', 'linux', 'shc', 'ddos', 'new', 'cryptominers', 'bots', 'cybersecurity', 'infosec', 'xdr']]",none,none
"Chaos Malware Resurfaces With All-New DDoS &amp; Cryptomining Modules: The previously identified ransomware builder has veered in an entirely new direction, targeting consumers and business of all sizes by exploiting known CVEs through brute-forced and/or‚Ä¶ https://t.co/i05fjpiNHW https://t.co/Y1KNlupVnE","[['malware', 'resurfaces', 'chaos', 'new', 'ddos', 'amp', 'modules', 'cybersecurity', 'business', 'consumers']]",none,"['CVE-2017-17215', 'CVE-2022-30525']"
"Magento Vulnerability Increasingly Exploited to Hack Online Stores: E-commerce malware and vulnerability detection firm Sansec warns of a surge in cyberattacks targeting CVE-2022-24086, a critical mail template vulnerability affecting Adobe Commerce and‚Ä¶ https://t.co/NoejfhUt05","[['magento', 'vulnerability', 'sansec', 'surge', 'adobe', 'cve-2022', 'template', 'commerce', 'security', 'stores']]","[""['adobe', 'organization'], ['sansec', 'organization'], ['vulnerability', 'vulnerability']""]",none
"Unusual to see malware this sophisticated while also being multi-platform.

""ARM, Intel (i386), MIPS and PowerPC ‚Äì in addition to both Windows and Linux operating systems. Chaos propagates through known CVEs and brute forced as well as stolen SSH keys.""

https://t.co/NvsdPpK1CS https://t.co/MmD7sXGCwq","[['chaos', 'brute', 'cves', 'malware', 'modules', 'addition', 'direction', 'business', 'sizes', 'windows']]","[""['windows', 'system']""]",none
"New BadBazaar Android malware linked to Chinese cyberspies

A previously undocumented Android spyware tool named 'BadBazaar' has been discovered targeting ethnic and religious minorities in China, most notably the Uyghurs in Xinjiang. [...]

via BleepingComputer (author: Bil‚Ä¶","[['badbazaar', 'cyberspies', 'malware', 'android', 'new', 'cybersecurity', 'chinese', 'security', 'infosec', 'uyghurs']]",none,none
"Self&amp;Replicating Malware Used by Chinese Cyberspies Spreads via USB Drives: A China-linked cyberespionage group tracked as UNC4191 has been observed using self-replicating malware on USB drives to infect targets, and‚Ä¶ https://t.co/wOadhfxtDj #security #cybersecurity #technology","[['malware', 'self', 'usb', 'cyberspies', 'spreads', 'drives', 'cybersecurity', 'security', 'infosec', 'securityweek']]",none,none
Russian Turla Cyberspies Leveraged Other Hackers' USB-Delivered Malware via OODA Loop - Russian state-sponsored threat actor Turla has been identified leveraging Andromeda malware to attack Ukrainian organizations. The malware ... https://t.co/M3tUhQoSOw,"[['turla', 'malware', 'hackers', 'leveraged', 'usb', 'cyberspies', 'russian', 'cybersecurity', '|', 'infosec']]",none,none
"Darknet's Largest Mobile Malware Marketplace Threatens Users Worldwide
https://t.co/9ZTFMqCTCT
Cybersecurity researchers have shed light on a darknet marketplace called¬†InTheBox¬†that's designed to specifically cater to mobile malware operators. The actor behind the criminal store","[['malware', 'darknet', 'marketplace', 'cybersecurity', 'inthebox', 'mobile', 'light', 'researchers', 'threatens', 'users']]",none,none
"Researchers Detail Evasive DarkTortilla Crypter Used to Deliver Malware

A .NET-based evasive crypter named¬†DarkTortilla¬†has been used by threat actors to distribute a broad array of commodity malware as well as targeted payloads like Cobalt Strike and M https://t.co/GBCFeQCmeq","[['darktortilla', 'crypter', 'malware', 'payloads', '.net', 'evasive', 'threat', 'researchers', 'strike', 'cobalt']]",none,none
"Cyble Research &amp; Intelligence Labs analyzes DarkTortilla, a sophisticated malware spreading via Phishing sites.  
https://t.co/341YAnUDNX

#DarkTortilla #Malware #Phishing #ThreatIntelligence #Grammarly #Cisco","[['darktortilla', 'malware', 'cisco', 'grammarly', 'phishing', 'sophisticated', 'sites', 'imposter', 'pages', 'cybersecurity']]","[""['cyble', 'organization'], ['darktortilla', 'malware'], ['singapore', 'gpe'], ['cisco', 'organization']""]",none
"Donut extortion group also targets victims with ransomware 
#SEO #Google #Apple  #IOS #cybersecurity #Robotics #AI 
https://t.co/WZwVzckKKk

The¬†Donut (D0nut) extortion group has been confirmed to deploy ransomware in double-extortion attacks on the enterprise.
Bleeping... https://t.co/OQtyUoAQPD","[['group', 'extortion', 'cybersecurity', 'donut', 'ransomware', 'd0nut', 'victims', 'attacks', 'enterprises', 'bleepingcomputer']]",none,none
"Scams: top of online searches

Searchers, beware: That @Google‚Äã, @bing, or @DuckDuckGo ad might be ‚Äòmalvertising‚Äô ‚Äî phishing campaigns and malware hiding behind legit-looking links

#USA #uspoli #Canada #cdnpoli #UK #Australia #Google #Bing #DuckDuckGo 
https://t.co/i8CFPoKLLV","[['campaigns', 'ad', 'bing', 'malware', 'links', 'duckduckgo', 'google', 'searchers', 'searches', 'scams']]","[""['google', 'organization'], ['microsoft', 'organization'], ['washington', 'gpe'], ['bing', 'system'], ['duckduckgo', 'organization']""]",none
DuckLogs is a new MaaS platform providing low-skilled attackers easy access to modules that can steal sensitive information. This web-based subscription has launched 4000 malware builds and has claimed over 6000 victims #CyberSecurity #Ransomware #Promo https://t.co/vh6jFXvJCz,"[['malware', 'ducklogs', 'access', 'service', 'information', 'modules', 'attackers', 'maas', 'claims', 'operation']]",none,none
"Trend Micro researchers look into five banking malware families (Elibomi, FakeReward, AxBanker, IcRAT &amp; IcSpy) targeting customers of banks in India, the common entry point being a text message with a phishing link. https://t.co/aZOqpG0e5s https://t.co/u8mvgU6QcV","[['banks', 'cybersecurity', 'customers', 'malware', 'researchers', 'campaigns', 'banking', 'mobilesecurity', 'infosec', 'elibomi']]","[""['elibomi', 'malware'], ['india', 'gpe'], ['fakereward', 'malware']""]",none
"With its steady evolution over the last 8 years, #Emotet's evasion tactics have become increasingly sophisticated. Get up to speed on the #malware's latest tricks to fool users &amp; avoid detection:

#BlackBerry #cybersecurity https://t.co/UJoGwojc2p","[['amp', 'detection', 'users', 'evolution', 'tricks', 'emotet', 'malware', '8+years', 'evasion', 'tactics']]","[""['emotet', 'malware']""]",none
The notorious Emotet malware has returned with renewed vigor as part of a high-volume malspam campaign designed to drop payloads like IcedID and Bumblebee https://t.co/h1XoKa18D8 @riskigy #cybersecurity #riskigy #security #phishing #ransomware #cyberattack #cybercrime #databreach https://t.co/ukgFtbGi6v,"[['malware', 'emotet', 'volume', 'malspam', 'campaign', 'returns', 'notorious', 'cybersecurity', 'infosec', 'security']]","[""['bumblebee', 'malware']""]",none
"Colombian energy supplier EPM hit by BlackCat ransomware attack

Colombian energy company Empresas Publicas de Medellin (EPM) suffered a BlackCat/ALPHV ransomware attack on Monday, disrupting the company's ...
#Technology #Colombia #Cybersecurity #EPM
https://t.co/Iv3gBmAMKu","[['epm', 'energy', 'blackcat', 'empresas', 'company', 'de', 'medell√≠n', 'attack', 'publicas', 'ransomware']]",none,none
"RT TheHackersNews ""Another #Android malware for rent has emerged - Hook with RAT capabilities. The threat actor behind BlackRock and ERMAC trojans is at it again.

Read: https://t.co/Ec9asLxijE

Stay informed and stay protected

#cybersecuity #malware #hacking"" Stay up-to-date:‚Ä¶","[['rt', 'android', 'malware', 'rent', 'hook', 'rat', 'capabilities', 'threat', 'actor', 'blackrock']]","[""['android', 'system'], ['hook', 'malware'], ['ermac', 'organization']""]",none
"hard to say where it goes, but europe‚Äôs in deep trouble. model sweden fallen, italy gone to self-described ‚Äúpost-fascists‚Äù, an economic crisis of unclear and to some extent immeasurable dimensions, and great uncertainty, while the atlantic protects the u.s.","[['self', 'europe', 'clark', 'arnold', 'website', 'customers', 'retailer', 'car', 'play', 'ransomware']]","[""['europe', 'loc'], ['atlantic', 'loc']""]",none
"#Microsoft Reveals Tactics Used by 4 #Ransomware Families Targeting #macOS
https://t.co/NbKJLPxnwW

Sheds light on #KeRanger, #FileCoder, #MacRansom, and #EvilQuest families known to impact #Apple systems.
#CyberSecurity #InfoSec #Malware #CyberCrime #ThreatIntelligence","[['ransomware', 'microsoft', 'families', 'macos', 'keranger', 'macransom', 'filecoder', 'evilquest', 'cybersecurity', 'malware']]","[""['microsoft', 'org']""]",none
"Noberus Ransomware: Darkside and BlackMatter Successor Continues to Evolve its Tactics

https://t.co/IGVkYX5M20

Security
Noberus Ransomware: Darkside and BlackMatter Successor Continues to Evolve its Tactics
New version of Exmatter, and Eamfo malware, ‚Ä¶ https://t.co/AH5loJ1Wmi https://t.co/z0ZLF4XLV0","[['eamfo', 'exmatter', 'blackcat', 'ransomware', 'malware', 'noberus', 'attackers', 'version', 'alphv', 'tools']]","[""['noberus', 'organization'], ['coreid', 'organization'], ['exmatter', 'malware'], ['darkside', 'malware']""]",none
"Supply Chain Attack pushes out malware to more than 250 media websites. TA569 has modified the JavaScript of a legitimate content and advertising engine used by news affiliates, in order to spread the FakeUpdates initial access framework. https://t.co/5jhgUbZPla

#cybersecurity https://t.co/cJl5FAwqa3","[['malware', 'fakeupdates', 'news', 'supply', 'sites', 'chain', 'u.s.', 'attack', 'websites', 'media']]","[""['ta569', 'malware']""]",none
"North Korean cyber espionage group Kimsuky has been observed deploying three new #Android #malware strains (FastFire, FastViewer, and FastSpy) to attack users in its southern counterpart.

Read: https://t.co/yhGI6AaZCZ

#infosec #hacking #cybersecurity #infosecurity #technology","[['malware', 'fastviewer', 'fastspy', 'kimsuky', 'fastfire', 'cybersecurity', 'android', 's2w', 'group', 'apks']]","[""['kimsuky', 'malware']""]",none
"RT TheHackersNews ""A new feature-rich version of SpyNote #Android spyware has been detected targeting financial institutions, including HSBC UK, Deutsche Bank, Kotak Mahindra Bank and Nubank.

Read: https://t.co/oSyLMf0YYJ

#infosec #hacking #malware #technews #cybersecurity"" S‚Ä¶","[['feature', 'spynote', 'cybersecurity', 'technews', 'hsbc', 'malware', 'hacking', 'calls', 'version', 'bank']]","[""['android', 'system'], ['spynote', 'malware'], ['apps', 'person']""]",none
"Malware Infects Magento-Powered Stores via FishPig Distribution Ser... (Securityweek)

Specialized in Magento optimizations and Magento-WordPress integrations, FishPig offers vari...

Add your highlights:
https://t.co/dG53uzSC4D
 #infosec #informati...","[['fishpig', 'magento', 'stores', 'distribution', 'powered', 'server', 'malware', 'infects', 'securityweek', 'cybersecurity']]",none,none
"Fishpig, a vendor of popular Magento/Wordpress modules, has been breached. The #Rekoobe Linux trojan was found in paid extensions and on its licensing server.
Magento store owners should disable any paid Fishpig software and run a malware scan. 
https://t.co/J82A7MlghP https://t.co/YTs4tZjufc","[['magento', 'fishpig', 'wordpress', 'malware', 'chain', 'supply', 'vendor', 'hackers', 'attack', 'extensions']]","[""['fishpig', 'malware'], ['sansec', 'organization'], ['rekoobe', 'malware'], ['wordpress', 'system'], ['magento', 'system']""]",none
.@FortiGuardLabs Threat Signal Report: New Wiper #Malware SwiftSlicer Hit Ukraine ‚Æï https://t.co/Y6s15l2TCk https://t.co/TxWwuF9kyr,"[['fortiguardlabs', 'new', 'wiper', 'report', 'malware', 'swiftslicer', 'ukraine', 'signal', 'threat', 'hit']]","[""['tlp', 'indicator'], ['swiftslicer', 'malware']""]","['TLP:AMBER', 'TLP:WHITE', 'TLP:GREEN', 'TLP:RED']"
"Fortinet's security solutions enables you to focus on factors that drive value by integrating all security-related tools &amp; resources in one platform.
Discover how governments can take advantage of the same in the IDC Public Sector: https://t.co/wHb5TQ6lVI

#bespinglobal #fortinet https://t.co/gp3fqattZ5","[['fortinet', 'government', 'threat', 'vpn', 'security', 'ssl', 'fortios', 'organizations', 'exploitation', 'activity']]",none,none
"Critical #FortiOS pre-auth #RCE vulnerability exploited by attackers
 https://t.co/aQMoUZv4AL

#ZetoTrust #ZeroDay #cybercrime #hacker #privacy #APT #bot #CISO #DDoS #100DaysOfCode #hacking #phishing #CyberAttack #cybersecurity #Security #infosec #OpenSource #Python #javascript","[['urgent', 'fortios', 'rce', 'vulnerability', 'fortinet', 'cybersecurity', 'cve-2022', 'attackers', 'vpn', 'ssl']]",none,['CVE-2022-42475']
"#Fortinet: Govt networks targeted with now-patched SSL-VPN #zeroday
https://t.co/2z2FalERS5

Unknown attackers exploit now-patched #FortiOS vulnerability (#CVE-2022-42475) in attacks on government targets.
#CyberSecurity #InfoSec #CyberCrime #Patch #SSL #VPN #0Day","[['urgent', 'fortios', 'cve-2022', 'ssl', 'vulnerability', 'vpn', 'fortinet', 'cybersecurity', 'infosec', 'overflow']]","[""['vulnerability', 'vulnerability'], ['fortinet', 'organization'], ['application', 'indicator']""]",['CVE-2022-42475']
"Chinese Hackers Targeting Online Casinos with GamePlayerFramework Malware

An advanced persistent threat (APT) group of Chinese origin codenamed DiceyF has been linked to a string of attacks aimed at online casinos in Southeast Asia for years. Russian cybersecurity company K‚Ä¶","[['diceyf', 'gameplayerframework', 'casino', 'development', 'studio', 'apt', 'casinos', 'malware', 'cybersecurity', 'hackers']]",none,"['apps.imangolm.com', 'archivess.imangoim.net', 'quic.flashesplayer.com', '45.77.47.149', '202.182.115.238', '1d59e527886e4bd72df0f609239b9d58', '56836b19b5c35c81e006f4843ff63e51', '49b457ee8eaa83b18cc00d2f579824c6', '2bd3b84b318beb5714cac9194078607a', '0c4dae01f21c3d2fa55f38314fe34958', '07d6bf2df064e97d0e635a67f083f87d', '031466c63bba4eafb11f2966e765c0d2', '193d192ed0cec2487d18b13aedc94cb6', '4d72e573d9c4d31371c8020ba7179daf', '07ff76be283fb44ce9e9427e12e63aa6', '3a1780e6fb6250b0fb63d2884788670e', '06711900cc5d7cd665bc1b6ec9d7eacf', 'cb8a30fcbcb462be66462f6928c6e44a', '39736c93f7d9cc62cdc00438c174f8a4', '969ef4a64203ba2ab54a6822559600cc', '0ac4e0e08bd28e88acd4991071c98261', 'ddbc9081ed2c503c5e4512a8e61b5389', '294c22533c950d7d9d74a82729ba3841', '19f8809d04c06bba2ad95a937f133a89', '5:00pm 75 min Crimeware and financial predictions for 2023 Marc Rivero Dan Demeter Dmitry Galov Reports Not just an infostealer: Gopuram backdoor deployed through 3CX supply chain attack A DLL named guard64.dll', 'C:\\Users\\fucker\\Desktop\\Fucker\\GamePlayerFramework\\Tifa\\*.pdb', 'D:\\Code\\Fucker\\GamePlayerFramework\\Tifa\\*.pdb', 'D:\\Code\\Fucker\\GamePlayerFramework\\Yuna\\*.pdb', 'C:\\ProgramData\\NVIDIA\\DConfig GetRemotePluginInfo PluginName: name of an installed plugin Retrieves the version of a locally installed plugin RunPlugin PluginName: name of the plugin to be launched SessionId: ID of the session inside which the plugin is to be launched Downloads a plugin from the C2 server and launches it DeleteGuid N/A Removes the infection from the machine by creating a batch file that removes all files dropped by the framework installer except for rascustoms.dll', 'C:\\ProgramData\\NVIDIA\\DisplaySessionContainer1.ini']"
Researchers Warn of Self-Spreading Malware Targeting Gamers via YouTube: Gamers looking for cheats on YouTube are being targeted with links to malicious password-protected archive files designed to install the RedLine Stealer malware‚Ä¶ https://t.co/LFd9PkGpA5 DeepBlue Security https://t.co/nWdcoaZc7f,"[['gamers', 'youtube', 'self', 'malware', 'targeting', 'researchers', 'warn', 'cybersecurity', 'stealer', 'cheats']]","[""['youtube', 'organization']""]","['45.150.108.67', '32dd96906f3e0655768ea09d11ea6150', '9194c2946e047b1e5cb4865a29d783f4', 'e59e63cdaec7957e68c85a754c69e109', 'ac56f398a5ad9fb662d8b04b61a1e4c5', 'f80abd7cfb638f6c69802e7ac4dcf631', 'b53ea3c1d42b72b9c2622488c5fa82ed', '7cd4f824f61a3a05abb3aac40f8417d4', 'f9d443ad6937724fbd0ca507bb5d1076', '64b4d93889661f2ff417462e95007fb4', '6ebe294142d34c0f066e070560a335fb', '1d59f656530b2d362f5d540122fb2d03', '5:00pm 75 min Crimeware and financial predictions for 2023 Marc Rivero Dan Demeter Dmitry Galov Reports Not just an infostealer: Gopuram backdoor deployed through 3CX supply chain attack A DLL named guard64.dll']"
"RT TheHackersNews ""Ukraine has warned about new strains of GammaLoad and GammaSteel #malware that Russian-sponsored hackers are using in espionage operations against public organizations and critical information infrastructures.

#cyberattack #hacking #informationsecurity 

‚Ä¶","[['malware', 'gammasteel', 'gammaload', 'ukraine', 'informationsecurity', 'hackers', 'strains', 'russian', 'espionage', 'cyberattack']]","[""['ukraine', 'gpe'], ['russian', 'norp']""]",none
Secureworks CTU researchers analyse the Drokbk malware used by the COBALT MIRAGE threat group. Drokbk uses the dead drop resolver technique to determine its C2 server by connecting to GitHub. https://t.co/PEibtLfDyR https://t.co/sWl0z6FPph,"[['github', 'drokbk', 'malware', 'drop', 'resolver', 'dead', 'new', 'researchers', 'uncover', 'cybersecurity']]","[""['drokbk.exe', 'filename'], ['secureworks', 'organization'], ['github', 'organization'], ['malware', 'person'], ['drokbk', 'indicator']""]","['CVE-2021-45046', 'CVE-2021-44228', '142.44.149.199/gsdi546gsja', 'oracle-java.cf', 'activate-microsoft.cf', 'dns-iprecords.tk', 'universityofmhealth.biz', '142.44.198.202', '142.44.149.199', '51.89.135.154', '47bf39acf008ed4ae27a796ac90f841b', '14a0e5665a95714ff4951bd35eb73606', 'b90f05b5e705e0b0cb47f51b985f84db', 'a015db9106d5e8a74beaaf03797511aa', '4eb5c832ce940739d6c0eb1b4fc7a78d', '240c4853af2aee5917dcee3a3e2a5d5a', 'aefab35127292cbe0e1d8a1a2fa7c39c', '64f39b858c1d784df1ca8eb895ac7eaf', '372b1946907ab9897737799f3bc8c131', '00a2d0e7d8361cda9feeaf515f8b5d9e', '0426f65ea5bcff9e0dc48e236bbec293', '29dc4cae5f08c215d57893483b5b42cb', 'e26a66bfe0da89405e25a66baad95b05', '5bd0690247dc1e446916800af169270f', '28332bdbfaeb8333dad5ada3c10819a1', 'a8e18a84898f46cd88813838f5e69f05', '8c8e184c280db126e6fcfcc507aea925', 'c:\\programdata\\SoftwareDistribution\\SessionService.exe']"
"HACKERS HIDE MALWARE IN IMAGES
The Golang-based #malware campaign has leveraged the deep field image taken from NASA's James Webb Space Telescope (JWST) as a lure to deploy malicious payloads on infected systems.

https://t.co/NmJ26q5Hgu
@TheHackersNews #news #cybersecurity","[['malware', 'campaign', 'cybersecurity', 'golang', 'space', 'james', 'webb', 'field', 'telescope', 'nasa']]","[""['webb', 'indicator'], ['space', 'organization'], ['securonix', 'organization']""]",none
‚Å¶@SentinelOne‚Å© recently came across a Chinese actor #DragonSpark using Golang and open source tool SparkRAT to compromise internet facing servers. The infrastructure it uses has previously been seen in both espionage and criminal ops. IOCs included. https://t.co/Xrrk0hfoNr,"[['dragonspark', 'golang', 'detection', 'malware', 'evade', 'hackers', 'attacks', 'source', 'sparkrat', 'cybersecurity']]","[""['dragonspark', 'malware'], ['sparkrat', 'malware'], ['chinese', 'norp']""]",none
"SHARKBOT MALWARE BACK ON GOOGLE PLAY
A new and upgraded version of the SharkBot malware has returned to @GooglePlay Store, targeting banking logins of @Android users through apps that have tens of thousands of installations.

https://t.co/ASgttG1zWr
#Security #news #cybersecurity","[['sharkbot', 'google', 'malware', 'play', 'store', 'app', 'apps', 'crypto', 'resurfaces', 'android']]","[""['sharkbot', 'malware'], ['android', 'system'], ['google', 'organization']""]","['http://mefika.me/', 'http://browntrawler.store/', '7f3e61be7bb7363d.live', 'browntrawler.store', '23080420d0d93913.live', 'mefika.me', '185.212.47.113', '870747141b1a2afcd76b4c6482ce0c3c21480ae3700d9cb9dd318aed0f963c58', '7f2248f5de8a74b3d1c48be0db574b1c6558d6edae347592b29dc5234337a5ff']"
North Korean hackers used Itaewon tragedy for malware: Google Google‚Äôs anti-hacking unit says state-backed hackers exploited Halloween disaster to target internet users with malware. https://t.co/YzIrGeCo2u,"[['month', 'google', 'unit', 'hackers', 'south', 'korea', 'halloween', 'crowd', 'crush', 'internet']]","[""['halloween', 'date'], ['microsoft', 'organization'], ['jazeera', 'org'], ['google', 'organization']""]",none
"Samsung, LG Phones Vulnerable Due to Leaked Certificates, Google Finds 
≈Åukasz Siewierski, a member of Google's Android Security Team, has a post on the Android Partner Vulnerability Initiative (AVPI) issue.
#Samsung #Lg #Google","[['android', 'leaked', 'malware', 'samsung', 'team', 'google', 'security', 'siewierski', 'member', 'post']]","[""['december', 'date'], ['google', 'organization'], ['android', 'system'], ['samsung', 'organization']""]",none
"New GoTrim Botnet Attempting to Break into WordPress Sites' Admin Accounts
https://t.co/ZR4htqhl0N 

Ó†ÇDec 14, 2022Ó†ÑRavie Lakshmanan
A new Go-based botnet has been spotted scanning and brute-forcing self-hosted websites using the WordPress content management system (CMS) to s... https://t.co/yVCFLLuFBX","[['wordpress', 'gotrim', 'botnet', 'control', 'websites', 'new', 'admin', 'sites', 'system', 'cms']]",none,none
"The BlackCat/ALPHV ransomware gang claimed responsibility for an attack that hit the systems of Italy's energy agency Gestore dei Servizi Energetici SpA (GSE).
 #energy #news #security #cyberattack #attack #italy #hack #ransomware #database","[['energy', 'attack', 'agency', 'italy', 'ransomware', 'blackcat', 'gse', 'malware', 'servizi', 'dei']]",none,none
"New HiddenAds malware affects 1M+ users and hides on the Google Play Store 
https://t.co/wWkoMQQb7G
#SEO #Google #Apple  #IOS #cybersecurity #Robotics #IOT #AI #software #telecom

                     Authored by Dexter Shin
McAfee‚Äôs Mobile Research ...","[['malware', 'google', 'hiddenads', 'play', 'users', 'cybersecurity', 'new', 'hides', 'store', 'mcafee']]",none,none
"NCC-CSIRT flags 'HiddenAds' Malware 'that jeopardises users' privacy'

Malware, HiddenAds, has infiltrated Google Play Store in the form of several device cleaners or optimisation apps. The Nigerian Communications Commissions C...
#NCCCSIRT #HiddenAds
https://t.co/9Cn5z3y8kp","[['malware', 'hiddenads', 'privacy', 'users', 'ncc', 'csirt', 'flags', 'nigerians', 'nigeria', 'guardian']]",none,none
One of @TrendMicro's honeypots showed #cybercriminal group TeamTNT's potential attack scenario and leak of container registry credentials for docker-abuse #malware. This research will be presented at the c0c0n XV Hacking and Cyber Security Conference. https://t.co/slSOfomaPq,"[['attack', 'honeypots', 'leak', 'scenario', 'group', 'teamtnt', '@trendmicro', 'container', 'registry', 'credentials']]","[""['dockerhub', 'organization'], ['docker', 'vulnerability'], ['teamtnt', 'organization']""]",none
"Then, from @Mandiant, @VMware issues. Related links in this tweet from @Gate_15_Analyst. ‚Äòthis is not an external remote code execution vulnerability‚Ä¶attacker needs admin-level privileges to the ESXi hypervisor‚Ä¶ no evidence of a zero-day vulnerability.‚Äô https://t.co/qbCYaYW5im","[['esxi', 'hypervisor', 'vulnerability', 'level', 'privileges', 'malware', 'vmware', 'hackers', 'attacker', 'hypervisors']]","[""['mandiant', 'malware']""]",none
"Pirated 3DMark benchmark tool delivering info-stealer malware... üåê üïµÔ∏è

üñ±Ô∏è https://t.co/k9VZ5hanZ4

#malware #3dmark #CyberSecurity #CyberSec #Software #Windows #tech #technews #TechnologyNews #Wednesday #technology #schools #student #homeschool #cybercrime #cybernews #news #USA","[['malware', 'stealer', 'info', 'tool', 'benchmark', 'cybersecurity', 'bleepingcomputer', 'infosec', 'cloud', 'software']]",none,none
"Noberus ransomware gets info-stealing upgrades, targets Veeam backup software https://t.co/di5jWhzMTu #security #securitynews #cyberthreats Thanks to TheRegister for this story

'One of the most dangerous and active malware developers operating at the moment'

Crooks spreading ‚Ä¶","[['ransomware', 'noberus', 'info', 'upgrades', 'software', 'backup', 'cybersecurity', 'register', 'malware', 'infosec']]",none,none
PrivateLoader PPI Service Found Distributing Info-Stealing RisePro Malware https://t.co/6xPWCqCgJv via @TheHackersNews #PrivateLoader #PPI #Malware #RisePro #cybercrime #cyberthreat #arkei #cyberthreat #cybersecurity #infosec #clouodsecurity,"[['malware', 'risepro', 'ppi', 'service', 'info', 'privateloader', 'stealing', 'cybersecurity', 'infosec', 'security']]","[""['risepro', 'malware'], ['cyberfeed.io', 'domain']""]",['my-rise.cc']
Quantum Ransomware Attack Disrupts Government Agency in Dominican Republic: The Dominican Republic‚Äôs Instituto Agrario Dominicano (IAD) has suffered a Quantum ransomware attack. The attack encrypted multiple services and workstations throughout the‚Ä¶ https://t.co/ubXkdD4yQ5 https://t.co/mhFsgNVSTB,"[['dominican', 'instituto', 'agrario', 'dominicano', 'republic', 'quantum', 'cyberattack', 'ransomware', 'iad', 'government']]",none,none
Got an iPhone? This new app lets you download non-App Store apps. But BEWARE‚Ä¶ it could also help cyber criminals install malware on your phone #AppStore #malware #TrollStore #NottinghamIT https://t.co/lDVZg0SD4F,"[['iphone', 'malware', 'trollstore', 'appstore', 'phone', 'criminals', 'beware', 'got', '|', 'https://t.co/kjvmg0vv82']]","[""['iphone', 'system'], ['trollstore', 'malware']""]","['CVE-2022-26766', 'CVE-2021-30937']"
"#USA #cyberattack ISP Bardstown Connect von #Ransomware betroffen. Tracked by @ValeryMarchive
Ransomware attack knocked a Kentucky city-operated ISP offline before holiday https://t.co/RlORR3PRRG","[['isp', 'kentucky', 'city', 'ransomware', 'attack', 'holiday', 'amp', 'tpa', '|', 'future']]","[""['bardstown', 'malware'], ['liska', 'gpe'], ['kentucky', 'gpe'], ['heaton', 'organization'], ['isp', 'org']""]",none
"Threat group #DeathStalker has been deploying #malware #Janicab under the radar, this time targeting legal and financial entities. @Kaspersky has the details in @scmagazine: https://t.co/te9zyCuZCf","[['janicab', 'deathstalker', 'entities', 'variant', 'malware', '@securelist', 'threat', 'group', '@kaspersky', '|']]","[""['viledropper', 'malware'], ['vileloader', 'malware'], ['deathstalker', 'organization']""]","['replacedata.runner.py', '87.120.37.192', '87.120.254.100', '87.120.37.68', '176.223.165.196', '33f9780a2f0838e43457a8190616bec9e5489e1a112501e950fc40e0a3b2782e', 'aacd0752289f3b0c6be3fadba368a9a71e46a228', '03cfa51aa7f0893f1d0feb32b521cc61', 'ad2195e2977bfb824c8afdab38e531b2', '5f1a9913aec43a61f0b3ad7b529b397e', '84aa12fe7c7ab241a2e0ca2db5db2865', 'b5450c8553def4996426ab46996b2e55', '96ebcfb2cc9e6c5d0ad2cec2522f1274', 'b5190d7cc4d7a59ad4962b8614db8521', '3f1e0540793d9b9dbd26d6fadceacb71', 'ASN176', 'HKEY_CURRENT_USER\\SOFTWARE\\Microsoft\\Windows NT\\CurrentVersion\\Winlogon', '00:50:56:c0:00:08', '/d/unrar.exe', '/gid.php', '5:00pm 75 min Crimeware and financial predictions for 2023 Marc Rivero Dan Demeter Dmitry Galov Reports Not just an infostealer: Gopuram backdoor deployed through 3CX supply chain attack A DLL named guard64.dll', '/d/Rar.exe', '/d/icmpxa.exe', '/d/procdump.exe']"
Evilnum group targets legal entities with a new Janicab variant: A hack-for-hire group dubbed¬†Evilnum is targeting travel and financial entities with the new Janicab malware variant. Kaspersky researchers reported that a hack-for-hire group dubbed‚Ä¶ https://t.co/wqOlOO2pKM https://t.co/fKbWOAgYtr,"[['group', 'hire', 'travel', 'malware', 'hack', 'entities', 'janicab', 'financial', 'targets', 'variant']]","[""['janicab', 'gpe'], ['deathstalker', 'malware'], ['kaspersky', 'organization']""]",none
"Keralty ransomware attack impacts Colombia's health care system

The Keralty multinational healthcare organization suffered a RansomHouse ransomware attack on Sunday, disrupting the websites and operations of the company and its subsidiaries. [...]

via BleepingComputer (aut‚Ä¶","[['attack', 'keralty', 'colombia', 'system', 'health', 'care', 'ransomware', 'cybersecurity', 'healthcare', 'infosec']]",none,none
"Kimsuky Hackers Spotted Using 3 New Android Malware to Target South Koreans 
#SEO #Google #Apple  #IOS #cybersecurity #Robotics #AI 
https://t.co/hRs1iqcKm5

The North Korean espionage-focused actor known as Kimsuky has been observed using three different Android malware... https://t.co/iqspTT6SYI","[['malware', 'android', 'kimsuky', 'new', 'hackers', 'target', 'cybersecurity', 'espionage', 'south', 'koreans']]","[""['android', 'system'], ['kimsuky', 'malware'], ['google', 'organization']""]",none
"The attackers behind the Kinsing cryptojacking operation have been spotted exploiting misconfigured and exposed PostgreSQL servers to obtain initial access to Kubernetes environments.¬†

#cybersecurity #Security #infosecurity #infosec #Microsoft #Kubernetes #malware #PostgreSQL https://t.co/dPYqQ73wwC","[['kubernetes', 'postgresql', 'kinsing', 'clusters', 'cryptojacking', 'malware', 'hits', 'cybersecurity', 'microsoft', 'crypto']]","[""['microsoft', 'organization']""]","['0.0.0.0/0', '0.0.0.0', 'CVE-2020-14882', 'CVE-2020-14883', 'CVE-2020-14750']"
"The LockBit ransomware group apologized for the attack on the Hospital for Sick Children (SickKids) and also released a free decryptor to the victims.

#cybersecurity #Security #infosec #infosecurity #Ransomware #CyberAttack #hospital #hospitals #affiliate #apologize #Children https://t.co/TsQKR3xWNd","[['sickkids', 'lockbit', 'ransomware', 'hospital', 'attack', 'decryptor', 'group', 'apologizes', 'cybersecurity', 'gang']]","[""['redpacket', 'organization']""]","['pic.twitter.com/PoXQdboJLH', '9:30 p.m', 'pic.twitter.com/H9S4ERgih7']"
"#Hacking #LodaRAT #Malware #Vulnerability #CyberCrime #CyberAttack #CyberSecurity  
Cisco Talos spotted multiple updated versions of LodaRAT that were deployed alongside other malware families, including RedLine and Neshta.
https://t.co/DTXoOyKnlQ https://t.co/o1YGh7KjYN","[['malware', 'lodarat', 'variants', 'cybersecurity', 'new', 'conjunction', 'redline', 'employing', 'updated', 'resurfaces']]","[""['talos', 'person'], ['lodarat', 'malware']""]",none
"„Äécyber threat actors exploited the Log4Shell vulnerability in an unpatched VMware Horizon server„Äè

Alert (AA22-320A)
Iranian Government-Sponsored APT Actors Compromise Federal Network, Deploy Crypto Miner, Credential Harvester | CISA
https://t.co/xqiDTf63ke","[['government', 'log4shell', 'actors', 'cybersecurity', 'vulnerability', 'agency', 'u.s.', 'hackers', 'federal', 'network']]","[""['u.s.', 'gpe'], ['cisa', 'organization']""]",['CVE-2021-44228']
üò≥ü§∑üèª US govt: Iranian hackers breached federal agency using Log4Shell exploit. The FBI and CISA revealed in a joint advisory published today that an unnamed Iranian-backed threat group hacked a Federal Civilian Executive Branch organization to deploy XMRig cryptomining malware https://t.co/6GPppVCiPN,"[['log4shell', 'federal', 'iranian', 'hackers', 'group', 'agency', 'fbi', 'cisa', 'malware', 'civilian']]","[""['iranian', 'norp'], ['today', 'date'], ['federal', 'organization'], ['fbi', 'org']""]",none
"Lorenz Ransomware Exploit Mitel VoIP Systems to Breach Business Networks

The operators behind the Lornenz ransomware operation have been observed exploiting a now-patched critical security flaw in Mitel MiVoice Connect to obtain a foothold into target environments for follo‚Ä¶","[['lorenz', 'mitel', 'ransomware', 'security', 'connect', 'mivoice', 'flaw', 'lornenz', 'target', 'foothold']]","[""['mivoice', 'system'], ['lorenz', 'person']""]",none
"North Korea Hackers Spotted Targeting Job Seekers with macOS Malware 
The North Korea-backed Lazarus Group has been observed targeting job seekers with malware capable of executing on Apple Macs with Intel and M1 chipsets.
Slovak cybersecurity firm ESET ‚Ä¶ https://t.co/d1AEp0Ohh5","[['korea', 'job', 'north', 'cybersecurity', 'seekers', 'lazarus', 'group', 'malware', 'macos', 'infosec']]","[""['malware', 'org'], ['lazarus', 'organization'], ['apple', 'organization'], ['north', 'indicator']""]",none
"Hacking groups are behind a massive surge in 'TrojanOrders' attacks targeting Magento 2 websites, exploiting a vulnerability that allows the threat actors to compromise vulnerable servers https://t.co/pM8FtCVkkq @riskigy #cybersecurity #riskigy #security #cyberattack #cybercrime https://t.co/kVdgAyQu4S","[['magento', 'trojanorders', 'stores', 'attacks', 'surge', 'attack', 'cybersecurity', 'adobe', 'security', 'websites']]",none,none
"Microsoft Uncovers New Post-Compromise Malware Used by Nobelium Hackers

Microsoft linked to ""highly targeted"" post-exploitation malware that could be used to maintain persistent access to compromised environments. MagicWeb is ...
#Microsoft #Politics
https://t.co/7PzOY3Iizo","[['microsoft', 'magicweb', 'malware', 'nobelium', 'cybersecurity', 'apt', 'technews', 'hacking', 'infosec', 'details']]","[""['microsoft', 'organization'], ['magicweb', 'malware'], ['nobelium', 'malware'], ['defender', 'system']""]",none
"New MailChimp breach exposed DigitalOcean customer email addresses - DigitalOcean is warning customers that a recent MailChimp security breach exposed the email addresses of some customers, with a small number receiving unauthorized password resets. [...‚Ä¶ https://t.co/Tjy8f81gc1","[['mailchimp', 'digitalocean', 'email', 'security', 'breach', 'customers', 'customer', 'incident', 'cybersecurity', 'addresses']]","[""['mailchimp', 'organization'], ['digitalocean', 'malware']""]",none
"HR teams beware! There is a new type of phishing attack using the ""more_eggs"" malware embedded in fake resumes.

#more_eggs #malwarethreats #FortressTelecom #Telecom #Networking #NetworkTechnician #LowVoltageTechnician #LowVoltageNation #LVNGoldStandard #L https://t.co/oKqD7lmK9b","[['more_eggs', 'hr', 'teams', 'malwarethreats', 'malware', 'resumes', 'networktechnician', 'lowvoltagetechnician', 'lowvoltagenation', 'attack']]",none,none
"Hackers stole data of 460,000 individuals in MFHS ransomware attack
https://t.co/roV0WRDl3L by @CarlyPage_ via @TechCrunch #people #data #health #nonprofit #cybercriminals #cyberattack #healthcare 
#hackers #ransomware #ransomwareattack","[['data', 'mfhs', 'attack', 'hackers', 'individuals', 'techcrunch', 'ransomware', 'cybersecurity', 'people', 'health']]",none,none
"A #vulnerable anti-cheat #Driver for the role-playing game #Genshinlmpact, mhyprot2.sys, is currently being abused by a #ransomware actor to kill #antivirus #processes and services for mass-deploying ransomware.
Assess your endpoint security controls: https://t.co/ne4zNWgg4k https://t.co/zo2OU4AToW","[['driver', 'game', 'mhyprot2.sys', 'genshin', 'impact', 'genshinlmpact', 'actor', 'processes', 'antivirus', 'services']]","[""['mhyprot2.sys', 'filename'], ['windows', 'system']""]",none
"We always advise you keep your software updated, but this Adobe Flash Player update message hides a nasty malware scam. It‚Äôs targeting Google Chrome and MS Edge users

#GoogleChrome #MicrosoftEdge #MaliciousAddOn

https://t.co/N3ENbO2V96

Raw Link: https://t.co/tzYhICKyje","[['maliciousaddon', 'microsoftedge', 'googlechrome', 'adobe', 'flash', 'player', 'software', 'update', 'malware', 'message']]","[""['keksec', 'organization'], ['google', 'organization'], ['cloud9', 'person'], ['tech', 'system'], ['microsoftedge', 'system'], ['googlechrome', 'system']""]",none
"#Moobot #botnet is coming for your unpatched D-Link router
https://t.co/0bIPMBNcHm

#Mirai #malware variant targeting old and new vulnerabilities. Multiple #CVE warnings.
#CyberSecurity #InfoSec #Vulnerability #DLink #RCE #Patch #Update #CyberAttack","[['moobot', 'mirai', 'd', 'botnet', 'variant', 'link', 'cybersecurity', 'router', '-', 'exploiting']]","[""['d', 'indicator'], ['moobot', 'person']""]","['CVE-2022-28958', 'CVE-2022-26258', 'CVE-2018-6530', 'CVE-2015-2051', 'vpn.komaru.today', '159.203.15.179', '4bff052c7fbf3f7ad025d7dbab8bd985b6cac79381eb3f8616bef98fcb01d871', '3b12aba8c92a15ef2a917f7c03a5216342e7d2626b025523c62308fc799b0737', '4567979788b37fbed6eeda02b3c15fafe3e0a226ee541d7a0027c31ff05578e2', '7123b2de979d85615c35fca99fa40e0b5fbca25f2c7654b083808653c9e4d616', '36dcaf547c212b6228ca5a45a3f3a778271fbaf8e198ede305d801bc98893d5a', 'b7ee57a42c6a4545ac6d6c29e1075fa1628e1d09b8c1572c848a70112d4c90a1', '06fc99956bd2afceebbcd157c71908f8ce9ddc81a830cbe86a2a3f4ff79da5f4', '188bce5483a9bdc618e0ee9f3c961ff5356009572738ab703057857e8477a36b', '46bb6e2f80b6cb96ff7d0f78b3bdbc496b69eb7f22ce15efcaa275f07cfae075', 'cc3e92c52bbcf56ccffb6f6e2942a676b3103f74397c46a21697b7d9c0448be6', 'd7564c7e6f606ec3a04be3ac63fdef2fde49d3014776c1fb527c3b2e3086ebab', '88b858b1411992509b0f2997877402d8bd9e378e4e21efe024d61e25b29daa08', '72153e51ea461452263dbb8f658bddc8fb82902e538c2f7146c8666192893258', '/lan.asp', '/shareport.php']"
"üõë [NEWS] Three connected campaigns delivered a variety of threats, including the ModernLoader bot, RedLine information-stealer and cryptocurrency-mining #malware to victims between March and June 2022 &gt; @a_mascellino reports &gt; https://t.co/lclmjAHdCv  #amazonscam","[['malware', 'modernloader', 'june', 'march', 'information', 'variety', 'stealer', 'threats', 'campaigns', 'gt']]",none,none
"PyPI Package ‚Äòsecretslib‚Äô Drops Fileless Linux Malware to Mine Monero: The curious case of 'secretslib'‚Äîa fileless cryptominer

Sonatype has identified a 'secretslib' PyPI package that describes itself as ""secrets matching and verification made easy.""‚Ä¶ https://t.co/Hfo7DSD0qR https://t.co/7qilho5EoZ","[['package', 'pypi', 'malware', 'linux', 'fileless', 'monero', 'secretslib', 'security', 'cybersecurity', 'energy']]","[""['sonatype', 'organization']""]","['archived.as', 'include.as', '5.161.57.250']"
Unidentified threat actors have deployed a new backdoor that borrows its features from the U.S. Central Intelligence Agency (CIA)'s Hive multi-platform malware suite #cybersecurity #cyberattack #cia #malware https://t.co/wXJmjKOBQE,"[['cia', 'hive', 'malware', 'leaked', 'intelligence', 'backdoor', 'platform', 'threat', 'hackers', 'attack']]","[""['cia', 'org'], ['u.s.', 'gpe'], ['hive', 'organization']""]",none
Multi-stage crypto-mining malware hides in legitimate apps with month-long delay trigger: The Nitrokod cryptocurrency mining campaign goes to great lengths to avoid detection and can remain active for a number of years. https://t.co/evZmP9muPL,"[['malware', 'mining', 'apps', 'month', 'crypto', 'delay', 'trigger', 'stage', 'cybersecurity', 'campaign']]","[""['nitrokod', 'organization']""]",none
"Nitrokod Crypto Miner Infected Over 111,000 Users with Copies of Popular Software
https://t.co/km2HXp0tkf 

A Turkish-speaking entity called Nitrokod has been attributed to an active cryptocurrency mining campaign that involves impersonating a desktop application for Google ... https://t.co/UO6y9f4yw5","[['nitrokod', 'users', 'crypto', 'copies', 'miner', 'popular', 'software', 'cybersecurity', 'news', 'infosec']]","[""['nitrokod', 'malware']""]",none
"Trend Micro Play Ransomware's Attack Playbook Similar to that of Hive, Nokoyawa: Play is a new ransomware that takes a page out of Hive and Nokoyawa's playbook. The many similarities among them indicate that Play, like Nokoyawa, are operated by the same‚Ä¶ https://t.co/MRK2N6N31C https://t.co/RryMM5CPUb","[['nokoyawa', 'ransomware', 'playbook', 'hive', 'play', '@trendmicro', 'page', 'trend', 'micro', 'attack']]","[""['nokoyawa', 'person']""]",none
"Researchers Find a Way Malicious NPM Libraries Can Evade Vulnerability Detection: New findings from cybersecurity firm JFrog show that malware targeting the npm ecosystem can evade security checks by taking advantage of an ""unexpected behavior"" in the‚Ä¶ https://t.co/vhYlJWmpeZ","[['npm', 'jfrog', 'security', 'malware', 'sonatype', 'detection', 'checks', 'cybersecurity', 'package', 'behavior']]","[""['jfrog', 'organization']""]",none
"BlackBerry observed that #RomCom (remote access trojan) threat actors were cloning official download pages for SolarWinds Network Performance Monitor (NPM), #KeePass password manager, and PDF Reader Pro to disguise malware as legal apps.

#cybersecurity https://t.co/NpomGYKcjt","[['keepass', 'solarwinds', 'romcom', 'npm', 'rat', 'malware', 'campaign', 'veeam', 'brands', 'cybersecurity']]","[""['blackberry', 'system'], ['solarwinds', 'malware'], ['romcom', 'organization'], ['keepass', 'malware']""]",['C:\\Users\\user\\AppData\\Local\\Temp\\winver.dll']
"My new fav tweet:

A Russian #ransomware group dubbed ""OldGremlin"" has been attributed to 16 multi-million dollar campaigns targeting businesses in Russia. Read: https://t.co/XEEPwUdoHp #infosec #cybersecurity #hacking #malware

‚Äî The Hacker News (@TheHackersNews) Oct 20, 2022
‚Ä¶","[['russian', 'entities', 'multi', 'ransomware', 'dozen', '-', 'oldgremlin', 'scheme', 'million', 'cybersecurity']]","[""['oldgremlin', 'malware'], ['russian', 'norp']""]","['CVE-2020-3433', 'CVE-2020-3153']"
"Post-Macro World Sees Rise in #Microsoft #OneNote Documents Delivering #Malware
https://t.co/oCVxEXjwUF

#Phishing attacks deliver #AsyncRAT, #RedLineStealer, #AgentTesla, #DOUBLEBACK, #QuasarRAT, #XWorm, #Qakbot, #BATLOADER, #FormBook.
#CyberSecurity #InfoSec #CyberCrime","[['microsoft', 'onenote', 'rise', 'world', 'sees', 'documents', 'malware', 'post', '-', 'attacks']]","[""['microsoft', 'organization'], ['onenote', 'malware']""]",['attachments.one']
"Netflix-style Ransomware Makes Your Organisation‚Äôs Data The Prize In A Dark Subscription Economy

https://t.co/gnbWYmLnt9

#infosec #cybersecurity #cybersecurityawareness #cybercrime #cyberthreats #codinglife #computertech #developerslife #worldwideweb #technewsupdates https://t.co/QDw3QTbZg0","[['style', 'economy', 'netflix', 'subscription', 'ransomware', 'prize', 'organisation', 'data', 'dark', 'cybersecurity']]",none,none
"The #ViceSociety group may have outsourced the development of a new custom-branded #ransomware dubbed #PolyVice that implements a robust encryption scheme using NTRUEncrypt and ChaCha20-Poly1305 algorithms.
#CyberSecurity #InfoSec #malware https://t.co/p0ehAfE7s5","[['ransomware', 'group', 'vice', 'society', 'threat', 'cybersecurity', 'custom', 'development', 'outsourced', 'vicesociety']]",none,none
Attackers switch to self-extracting password-protected archives to distribute email #malware https://t.co/5faRaJePbH #CSO,"[['password', 'malware', 'self', 'archives', 'email', 'attackers', 'cybersecurity', 'security', 'attack', '@csoonline']]","[""['cso', 'indicator']""]",none
"UPDATE! We don‚Äôt have much time to reach our goal! Ivory is forced to meet the administration TODAY! Give whatever you have! We don‚Äôt have much time but I want to reach the goal ASAP

$1,890.19/$6,000

CshApp: $tylapng
Venmo: tylapng 
PayPal: poisonxivory","[['cybersecurity', 'infosec', 'devices', 'technology', 'hacker', 'groups', 'hacking', 'passwords', 'paypal', 'dozens']]","[""['today', 'date']""]",none
"Have you heard about Pegasus spyware and citizen surveillance? Learn more about this mobile-based malware and what it does.

#PegasusSpyware #MobileSecurity #DwyerIT #msp #oralsurgery #dentistry #dentist #dental #cybersecurity #managedserviceprovider #tech https://t.co/exkVNHgkZE","[['mobilesecurity', 'pegasusspyware', 'pegasus', 'spyware', 'citizen', 'surveillance', 'msp', 'malware', 'cybersecurity', 'mobile']]","[""['pegasus', 'malware'], ['nso', 'org'], ['citizen', 'organization']""]",['8:49 a.m']
"Tech Update: A crafty new email scam uses blank images and a trusted brand name to lead you and your people to download malware. Fall victim and you risk losing your data

Visit our blog for more ‚û°Ô∏è https://t.co/wxxs5NwQS0

#PhishingScam #Cybersecurity #BusinessIT https://t.co/P8uCU0Tr6t","[['phishingscam', 'businessit', 'cybersecurity', 'brand', 'scam', 'email', 'malware', 'tech', 'images', 'data']]",none,none
New Evil PLC Attack Weaponizes PLCs to Breach OT and Enterprise Networks: Cybersecurity researchers have elaborated a novel attack technique that weaponizes programmable logic controllers (PLCs) to gain an initial foothold in engineering workstations and‚Ä¶ https://t.co/YKOueBaYep https://t.co/hTRG87YkwW,"[['plcs', 'attack', 'evil', 'plc', 'weaponizes', 'networks', 'ot', 'enterprise', 'breach', 'new']]","[""['sucuri', 'indicator'], ['bnp005', 'indicator']""]",none
"Microsoft Uncovers New Post-Compromise Malware Used by Nobelium Hackers

Microsoft linked to ""highly targeted"" post-exploitation malware that could be used to maintain persistent access to compromised environments. MagicWeb is ...
#Microsoft #Politics
https://t.co/7PzOY3Iizo","[['malware', 'microsoft', 'nobelium', 'infosec', 'hackers', 'post', 'magicweb', 'cybersecurity', 'solarwinds', 'supply']]","[""['microsoft', 'organization'], ['nobelium', 'malware'], ['magicweb', 'malware'], ['apt29', 'indicator']""]",none
Hackers Using PowerPoint Mouseover Trick to Infect System with Malware: The Russian state-sponsored threat actor known as¬†APT28¬†has been found leveraging a new code execution method that makes use of mouse movement in decoy Microsoft‚Ä¶ https://t.co/wxQqI0ONgG DeepBlue Security https://t.co/bLnf5jvG1s,"[['powerpoint', 'mouseover', 'malware', 'apt28', 'graphite', 'hackers', 'threat', 'cybersecurity', 'security', 'microsoft']]",none,['C:\\ProgramData\\lmapi2.dll']
"https://t.co/cZ72ulgEN0 Ransomware Attack Impacts 258K at FL Urgent Care Center
Fast Track Urgent Care Center began notifying 258,411 individuals of the 2021 PracticeMax ransomware attack that resulted in unauthorized data access.
#imagnumhealthcare  #medicalcoding #Data","[['urgent', 'care', 'center', 'attack', 'fl', 'k', 'practicemax', 'ransomware', 'data', 'track']]",none,none
"Prilex PoS Malware Evolves to Block Contactless Payments to Steal from NFC Cards
https://t.co/g2udxjIXva 

Ó†ÇFeb 01, 2023Ó†ÑRavie LakshmananPayment Security / Risk
The Brazilian threat actors behind an advanced and modular point-of-sale (PoS) malware known as Prilex have reared... https://t.co/mD9ujPdRxH","[['malware', 'prilex', 'pos', 'credit', 'sale', 'cards', 'point', 'card', 'nfc', 'contactless']]",none,none
"New 'RisePro' Infostealer Increasingly Popular Among Cybercriminals: A recently identified information stealer named ‚ÄòRisePro‚Äô is being distributed by pay-per-install malware downloader service ‚ÄòPrivateLoader‚Äô, cyberthreat firm Flashpoint reports. 
‚Ä¶ https://t.co/nQNmFNrnjc","[['malware', 'risepro', 'install', 'privateloader', 'cybersecurity', 'alert', 'service', 'stealer', 'ppi', 'security']]","[""['risepro', 'organization'], ['flashpoint', 'organization']""]",['my-rise.cc']
"LV Ransomware Exploits ProxyShell in Attack on a Jordan-based Company

#Ransomware , #ProxyShell, #RaaS #LV #Jordan #Middleeast https://t.co/G3ihEbGsqA","[['ransomware', 'jordan', 'lv', 'attack', 'company', 'proxyshell', 'exploits', 'cybersecurity', 'blog', 'infosec']]","[""['jordan', 'gpe'], ['proxyshell', 'org']""]","['91.132.138.221', '195.242.213.155', '91.132.138.213', '213.232.87.177', '138.199.47.184', '182.82.219.201', '185.82.219.201', '185.82.217.131', 'b8ff09abead5baf707b40c84caf58a3a46f1e05a', 'b7d57bfbe8aa31bf4cacb960a390e5a519ce2eed', 'f25c9b5f42b19898b2e3df9723bce95cf412a8ff', '027889533afe809b68c0955a7fc3cb8f3ae33c08', '9e0026572e3c839356d053cb71b8cbbbacb2627b', '2e02a6858b4e8dd8b4bb1691b87bc7d5545297bc', '3e4a30a16b1521f8a7d1855b4181f19f8d00b83b', '3ffc87d9b429b64c09fcc26f1561993c3fb698f4', '49c35b2916f664e690a5c3ef838681c8978311ca', '9cb059d2c74266b8a42017df8544ea76daae1e87', 'fc0d749c75ccd5bd8811b98dd055f9fa287286f7', '97822c165acd1c0fd4ff79bbad146f93f367e18c', '1b67e4672b2734eb1f00967a0d6dd8b8acc9091e', 'CVE-2021-26855', 'CVE-2021-27065', 'CVE-2021-34473', 'CVE-2021-34523', 'CVE-2021-31207']"
"Researchers discovered a private #Telegram channel-based backdoor in the information stealing #malware, dubbed Prynt Stealer, which its developer added with the intention of stealing a copy of victims' data when used by other #cybercriminals. Read more: üîóhttps://t.co/PUWsqZGYDL https://t.co/GaoNB82MyR","[['backdoor', 'prynt', 'stealer', 'cybercriminals', 'data', 'information', 'victims', 'channel', 'malware', 'cybersecurity']]",none,none
"Fortinet Threat Research Blog | Ransomware Roundup ‚Äì Monti, BlackHunt, and Putin Ransomware https://t.co/tJA00uykKc","[['ransomware', 'blackhunt', 'putin', 'monti', 'roundup', 'fortinet', 'variants', 'cybersecurity', 'new', '|']]","[""['fortiguard', 'organization'], ['blackhunt', 'malware'], ['fortinet', 'organization'], ['ransomware', 'org']""]",none
"Researchers have identified a new Python-based #malware that uses WebSockets for both command and control communication and data exfiltration.

Read details: https://t.co/sgBi6eWaSf

#infosec #informationsecurity #cybersecurity #hacking #programming","[['python', 'websockets', 'malware', 'detection', 'cybersecurity', 'rat', 'campaign', 'attack', 'ration', 'researchers']]","[""['python', 'system']""]",none
"just in: Crooks use HTML smuggling to spread QBot malware via SVG files https://t.co/oJ9jtLIwD7 #blog #infosec #netsec #news
#netsec #cybersecurity #infosecurity #infosec","[['malware', 'qbot', 'svg', 'files', 'windows', 'systems', 'smuggle', 'html', 'cybersecurity', 'hacking']]","[""['github', 'system'], ['git', 'indicator']""]",none
"New wave of data-destroying ransomware attacks hits QNAP NAS devices

Deadbolt is back. 

Current campaign targets QNAP's Photo Station, allegedly a 0-day but no disclosued CVE number. Firmware update apparently fixes the exploit.

#cybersecurity

https://t.co/pk8fzzrsWi","[['qnap', 'ransomware', 'attacks', 'wave', 'data', 'nas', 'devices', 'new', 'news', 'hits']]","[""['qnap', 'organization'], ['nas', 'org'], ['deadbolt', 'malware']""]",none
"RansomEXX claims ransomware attack on Sea-Doo, Ski-Doo maker

The RansomEXX ransomware gang is claiming responsibility for the cyberattack against Bombardier Recreational Products (BRP), disclosed by the company on August 8, 2022. [...]

via BleepingComputer (author: Bill To‚Ä¶","[['doo', 'sea', 'ski', 'attack', 'maker', 'ransomexx', 'cybersecurity', 'brp', 'ransomware', 'claims']]",none,none
"News Alert!

New IoT RapperBot Malware Targeting Linux Servers via SSH Brute-Forcing Attack 

Source: https://t.co/jC1HcsufSN 

#HackersAcademy #cybersecurity #ethicalhacking #SecurityNews #infosec #hacking #hacker https://t.co/DXmRdttmoX","[['linux', 'ssh', 'servers', 'brute', 'rapperbot', 'malware', 'targeting', 'attack', 'forcing', 'iot']]",none,['~/.ssh']
"Updated RapperBot malware targets game servers in DDoS attacks

The Mirai-based botnet 'RapperBot' has re-emerged via a new campaign that infects IoT devices for DDoS (Distributed Denial of Service) attacks against game servers. [...]

via BleepingComputer (author: Bill Toulas).","[['attacks', 'servers', 'rapperbot', 'malware', 'ddos', 'botnet', 'mirai', 'game', 'devices', 'campaign']]","[""['rapperbot', 'malware'], ['bill', 'indicator']""]",none
"üö® HeadCrab Alert! A new stealthy botnet #malware that is undetectable by various antivirus solutions has infected over 1,200 Redis servers worldwide for illegal #cryptocurrency mining.

Read: https://t.co/wuHoCPddH2

#datasecurity #informationsecurity #hacking","[['servers', 'redis', 'headcrab', 'malware', 'new', 'threat', 'stealthy', 'monero', 'botnet', 'ensnares']]",none,['CVE-2022-0543']
"New Go-based #Redigo malware targets #Redis servers

https://t.co/iBjCXZq6G6

#Golang #zeroday #ZeroTrust #cybercrime #hackers #privacy #APT #bot #CISO #100DaysOfCode #DataPrivacy #Phishing #hacking #CyberAttack #cybersecurity #Security #infosec #OpenSource #Python #javascript","[['redis', 'redigo', 'malware', 'new', 'servers', 'backdoor', 'cybersecurity', 'vulnerability', 'deploy', 'hackers']]",none,"['exp_lin.so', 'CVE-2022-0543']"
"‚ò£Ô∏èLatest news: Our @BlackBerry #threatintel team just found #RomCom using trojanized versions of #SolarWinds NPM, #KeePass Password Manager, and #PDFReader Pro, to target victims in Ukraine &amp; UK

IoCs, YARA rules &amp; other details in our blog: https://t.co/g2HHRrY2sr https://t.co/RQpNLo8m5v","[['romcom', 'keepass', 'solarwinds', 'rat', 'software', 'malware', 'versions', 'cybersecurity', 'npm', 'rogue']]","[""['blackberry', 'system'], ['solarwinds', 'malware'], ['romcom', 'organization'], ['keepass', 'malware'], ['ukraine', 'gpe']""]","['wveeam.com', 'C:\\Users\\user\\AppData\\Local\\Temp\\winver.dll', '1a21a1e626fd342e794bcc3b06981d2c']"
"Russia-linked APT29 abuses Microsoft 365 features to evade detection #Mandiant, #APT29, #Russia, #Microsoft, #APT https://t.co/xPRIdaLOZZ https://t.co/3viMVTSjRR","[['russia', 'apt29', 'malware', 'windows', 'attacks', 'feature', 'new', 'cybersecurity', 'group', 'microsoft']]","[""['microsoft', 'organization'], ['russia', 'gpe'], ['mandiant', 'organization'], ['apt29', 'organization']""]",['CVE-2022-30170']
New Russian-Backed Gamaredon's Spyware Variants Targeting Ukrainian Authorities: The State Cyber Protection Centre (SCPC) of Ukraine has called out the Russian state-sponsored threat actor known as¬†Gamaredon¬†for its targeted cyber‚Ä¶ https://t.co/Lhdj2LmprE DeepBlue Security https://t.co/DhQt5nxNM3,"[['spyware', 'gamaredon', 'variants', 'targeting', 'russian', 'ukrainian', 'new', 'authorities', 'cybersecurity', 'threat']]","[""['ukraine', 'gpe'], ['gamaredon', 'malware'], ['russian', 'norp']""]",['195.189.96.64']
"Russian cybergangs stole over 50 million passwords this year

At least 34 distinct Russian-speaking cybercrime groups using info-stealing malware like Raccoon and Redline have collectively stolen 50,350,000 account passwords from over 896,000 individual infections from Janua‚Ä¶","[['passwords', 'groups', 'cybercrime', 'malware', 'july', 'january', 'info', 'account', 'raccoon', 'russian']]","[""['russian', 'language'], ['redline', 'malware'], ['raccoon', 'malware']""]",none
"34 Russian Hacker Groups Stole Over 50 Million Passwords with Stealer Malware
https://t.co/TCGAHjVDDC 

As many as 34 Russian-speaking gangs distributing information-stealing malware under the stealer-as-a-service model stole no fewer than 50 million passwords in the first s... https://t.co/8LSKWZMZSX","[['stealer', 'malware', 'service', 'passwords', 'russian', 'groups', 'gangs', 'information', 'model', 'cybercrime']]","[""['russian', 'norp'], ['philippines', 'gpe']""]",none
"There's a crypto crook on the loose. The Rust-based #LucaStealer #malware has multiple information-stealing functions but primarily targets password managers &amp; #cryptocurrency wallets. 

Get the technical analysis, #YARArule, #IoCs and more. https://t.co/e7K1VWEWEJ","[['https://t.co/r2epsnlsbo', 'https://t.co/gky9fempvg', 'https://t.co/m8mrzmlquy', 'https://t.co/oqc1scqwiv', 'https://t.co/e7k1vwewej', 'https://t.co/a3tmbkdlam', 'icymi', 'cryptocurrency', 'amp', 'https://t.co/azmzuwvmid']]","[""['blackberry', 'system']""]",none
"US Extradites Russian On Money-Laundering Charges https://t.co/6vOR1SemAm US Extradites Russian On Money-Laundering Charges

The Russian national, who was extradited from the Netherlands, has been accused of money laundering in the Ryuk ransomware case.¬†‚Ä¶ https://t.co/EX540HaBbV","[['money', 'laundering', 'ryuk', 'ransomware', 'russian', 'accused', 'gang', 'u.s.', 'extradited', 'charges']]",none,none
"SandStrike spyware spreads through VPN -- Kaspersky

Sandstrike, a previously unknown Android espionage campaign, has been spreading spyware to a Persian-speaking religion minority, Baha'i. Kaspers...
#Technology #SentinelOne #Kaspersky #Cybersecurity
https://t.co/CsZsAHzL3v","[['android', 'persian', 'sandstrike', 'spyware', 'minority', 'religion', 'malware', 'vpn', 'campaign', 'kaspersky']]",none,none
"Vice Society Ransomware Victim: Seguros Equinoccial - https://t.co/yodUrfoDFh

#Vice #Ransomware #OSINT #ThreatIntel #darkweb #TOR","[['seguros', 'equinoccial', 'vice', 'ransomware', 'society', 'victim', 'threatintel', 'luna', 'data', 'darkweb']]","[""['p&c', 'gpe'], ['delinian', 'norp']""]",none
"Wipermania: Malware Remains a Potent Threat, 10 Years Since 'Shamoon'
via @DarkReading
#Proficio #ThreatNews #Cybersecurity #MSSP #MDR
https://t.co/TemK8n1H06","[['threat', 'years', 'shamoon', 'potent', 'malware', 'wipermania', 'cybersecurity', '|', 'reading', 'dark']]","[""['years', 'date'], ['malware', 'person'], ['hat', 'organization']""]",none
"DNV's ShipManager software experienced a #cyberattack early in January resulting in DNV experts shutting down the IT server's in response. Onboard, offline functions are still available to all users which the incident is investigated. @PortTechnology  
https://t.co/jrMv6XLhk8","[['dnv', 'shipmanager', 'attack', 'software', 'cyber', 'ships', 'cyberattack', 'management', 'cybersecurity', 'ransomware']]","[""['january', 'date'], ['dnv', 'organization']""]",none
"Hackers are abusing the Windows Problem Reporting (WerFault.exe) error reporting tool for Windows to load malware into a compromised system's memory using a DLL sideloading technique.

#cybersecurity #Security #infosec #infosecurity #Microsoft #Windows #malware #windows10 #abuse https://t.co/uCfZscXEQm","[['windows', 'malware', 'dll', 'werfault.exe', 'tool', 'sideloading', 'hackers', 'problem', 'reporting', 'error']]",none,none
"üö®ALERT: SmokeLoader campaign distributes new Laplas Clipper malware - 

Cyble researchers uncovered a SmokeLoader campaign that is distributing...

Find more: https://t.co/uXNiwLullF 

#cybermaterial #cybersecurity #infosec #alert #laplas #smokeloader #malware #clipper https://t.co/fXwMfBl0lf","[['malware', 'clipper', 'laplas', 'smokeloader', 'cryptocurrency', 'users', 'targeting', 'new', 'cybersecurity', 'infosec']]","[""['cyble', 'organization'], ['clipper', 'malware']""]",none
"Attackers use a modified version of SolidBit ransomware to victimise fans of a popular online game @LeagueOfLegends &amp; @instagram users.

#Security #CyberSecurity #CyberSecurityNews #CyberSec #InfoSec #InfoSecurity #InfoSecurityNews #Ransomware 

https://t.co/8575aLPgUo","[['ransomware', 'solidbit', 'cybersecurity', 'malware', 'users', 'legends', 'variant', 'players', 'league', 'infosec']]","[""['instagram', 'organization']""]",none
"#Ukraine says Russian #hacktivists use new #SomniaRansomware
https://t.co/4uWjhnBElr

#FRwL aka #ZTeam (#UAC0118) infected multiple orgs with #ransomware strain called #Somnia - encrypting systems &amp; causing operation problems.
#CyberSecurity #InfoSec #Hacking #Malware #DataWiper","[['somnia', 'ukraine', 'hacktivists', 'ransomware', 'cybersecurity', 'infosec', 'malware', 'russia', 'strain', 'organizations']]","[""['somnia', 'malware']""]",none
"Chinese 'Spyder Loader' Malware Spotted Targeting Organizations in Hong Kong 
The China-aligned espionage-focused actor dubbed Winnti has set its sights on government organizations in Hong Kong as part of an ongoing campaign dubbed¬†Operation CuckooBees.
‚Ä¶ https://t.co/mFw18VDPxH","[['hong', 'kong', 'organizations', 'spyder', 'loader', 'winnti', 'malware', 'government', 'china', 'espionage']]","[""['symantec', 'organization'], ['chinese', 'norp'], ['china', 'gpe'], ['spyder', 'malware']""]",none
"RT TheHackersNews ""A new feature-rich version of SpyNote #Android spyware has been detected targeting financial institutions, including HSBC UK, Deutsche Bank, Kotak Mahindra Bank and Nubank.

Read: https://t.co/oSyLMf0YYJ

#infosec #hacking #malware #technews #cybersecurity"" S‚Ä¶","[['feature', 'spynote', 'cybersecurity', 'technews', 'hsbc', 'malware', 'hacking', 'calls', 'version', 'bank']]","[""['android', 'system'], ['spynote', 'malware'], ['apps', 'person']""]",none
"Iranian Hackers Strike Diamond Industry with Data-Wiping Malware in Supply-Chain Attack

ESET: Iranian advanced persistent threat (APT) actor known as Agrius has been attributed as behind data wiper ...
#Cybersecurity #Technology #Israel #Politics #IT
https://t.co/09U6s87hdN","[['data', 'malware', 'wiping', 'attack', 'industry', 'diamond', 'hackers', 'chain', 'supply', 'strike']]","[""['iranian', 'norp'], ['eset', 'organization'], ['israel', 'gpe'], ['fantasy', 'malware'], ['diamond', 'malware']""]",none
"Alert: Bluebottle #cybercrime group linked to targeted attacks on financial sector in French-speaking African countries.

Read: https://t.co/n3TxcCh8gs

Symantec reports the group uses living-off-the-land &amp; dual use tools, with no custom malware.

#infosec #cybersecurity #hacking","[['group', 'cybersecurity', 'malware', 'cybercrime', 'symantec', 'land', 'amp', 'attacks', 'sector', 'infosec']]","[""['french', 'language'], ['bluebottle', 'organization'], ['africa', 'loc'], ['symantec', 'organization']""]",none
"RT TheHackersNews ""Researchers uncover ""TeslaGun,"" a previously undocumented software control panel used by the financially motivated cybercrime group TA505 to manage its ""ServHelper"" backdoor #malware attacks.

Read details: https://t.co/uD5pQAZRdV

#infosec #cybersecurity #ha‚Ä¶","[['panel', 'teslagun', 'servhelper', 'backdoor', 'ta505', 'hackers', 'attacks', 'cybersecurity', 'experts', 'infosec']]","[""['ta505', 'malware'], ['servhelper', 'malware']""]",none
"WIP19 Espionage | New Chinese APT Targets IT Service Providers and Telcos With Signed Malware
https://t.co/iE2y3F52QQ

#Infosec #Secinfo #Security #CeptBiro #Cybersecurity #WIP19 #Espionage #Chinese #APT #ITServiceProviders #Telcos #Malware","[['wip19', 'service', 'providers', 'telcos', 'apt', 'group', 'targets', 'cyberespionage', 'threat', 'chinese']]","[""['sqlmaggieantivirus_64.dll', 'filename'], ['wip19', 'indicator'], ['chinese', 'norp']""]","['CVE-2022-37969', 'CVE-2022-40684']"
"A new ransomware operator managed to target a whole German village. Just to show you can trust them (ha!) they‚Äôll offer to decrypt 5MB of files for free. Don‚Äôt pay them a penny!

#ransomware #CyberCrime #Trigona #tech #MSP #cybersecurity

https://t.co/JfBi9xUvce","[['trigona', 'cybercrime', 'ransomware', 'penny', 'mb', 'operator', 'village', '@imbrakoby', '@kwekugem', 's']]","[""['techradar', 'organization']""]",none
Researchers Detail Malicious Tools Used by Cyberespionage Group Earth Aughisky: A new piece of research has detailed the increasingly sophisticated nature of the malware toolset employed by an advanced persistent threat (APT) group‚Ä¶ https://t.co/whc5snH0qp DeepBlue Security https://t.co/LHPWlzjRub,"[['group', 'earth', 'tools', 'aughisky', 'detail', 'researchers', 'cyberespionage', 'cybersecurity', 'nature', 'malware']]","[""['december', 'date']""]",none
.@TrendMicro investigate a vulnerable anti-cheat driver for the game #GenshinImpact. The driver is currently being abused by a #ransomware actor to kill #antivirus processes and services for mass-deploying ransomware. Learn more here: https://t.co/UfSnBZvsrl #infosec #security,"[['driver', 'game', 'genshin', 'impact', '.@trendmicro', 'actor', 'antivirus', 'processes', 'services', 'mass']]","[""['mhyprot2.sys', 'filename'], ['windows', 'system']""]",none
"""Check Point Research"": Following the Scent of TrickGate: 6-Year-Old Packer Used to Deploy the Most Wanted Malware ... mas info aqui https://t.co/xoQ6cCcAUn by @_CPResearch_","[['malware', 'year', 'trickgate', 'old', 'packer', 'scent', 'wanted', 'research', 'point', 'check']]",none,none
"ESET researchers identified an active StrongPity APT group campaign leveraging a fully functional but trojanized version of the legitimate #Telegram app, which despite being non-existent, has been repackaged as the Shagle app.
#Apps #Hacking #Android https://t.co/9bsnBKiR1v","[['strongpity', 'android', 'app', 'telegram', 'users', 'hackers', 'target', 'group', 'cybersecurity', 'campaign']]","[""['android', 'system'], ['strongpity', 'malware'], ['shagle', 'malware'], ['eset', 'organization']""]",none
"Researchers have reported an increase in TrueBot #malware infections, involving a new variant that abuses the Netwrix Auditor #vulnerability and the Raspberry Robin worm to attack Mexico, Brazil, and the United States.

Read: https://t.co/oxvnd6oPTO

#infosec #cybersecurity","[['netwrix', 'truebot', 'auditor', 'variant', 'malware', 'new', 'bug', 'worm', 'robin', 'raspberry']]","[""['truebot', 'malware'], ['brazil', 'gpe'], ['mexico', 'gpe']""]",['CVE-2022-31199']
"The privacy-focused messaging app Signal has confirmed that the phone numbers and SMS codes of 1,900 users have been exposed because of a data breach at verification partner Twilio. When it comes to privacy and security in messaging apps, Singal is the fir https://t.co/eztpzc5Y5T","[['twilio', 'signal', 'users', 'numbers', 'phone', 'hack', 'breach', 'security', 'accounts', 'cybersecurity']]","[""['twilio', 'organization']""]",none
"Sonatype shines light on typosquatting ransomware threat in PyPI

It's all fun and games until somebody gets their files encrypted

Miscreants making use of typosquatting are being spotted by researchers at Sonatype, emphasizing the need to check that th‚Ä¶ https://t.co/vBnXnJJuCC","[['sonatype', 'pypi', 'light', 'threat', 'use', 'cybersecurity', 'attacks', 'packages', 'typosquatting', 'miscreants']]",none,none
"former #Conti cybercrime gang members, now part of a group tracked as UAC-0098, are targeting Ukrainian organizations and European non-governmental organizations

#UAC0098 #ukraine #NGO #ransomware #malware #security #cybersecurity #hackers #hacking

https://t.co/w0YcVoxIdb https://t.co/urY85IjADs","[['ukraine', 'google', 'conti', 'members', 'uac-0098', 'gang', 'organizations', 'group', 'cybercrime', 'ransomware']]",none,none
"Malware dev claims to sell new BlackLotus Windows UEFI bootkit 

https://t.co/7pP70TYhwZ

- via AttackIO CyberSecurity

#cybersecurity #security #infosec #cybercrime #attackio #vatins #cyber #cybersecuritynews","[['uefi', 'blacklotus', 'bootkit', 'windows', 'malware', 'dev', 'cybersecurity', 'threat', 'forums', 'infosec']]","[""['windows', 'system']""]",none
"Researchers reported 3 new BIOS vulnerabilities discovered in the UEFI firmware of #Lenovo notebook models, including Yoga, IdeaPad and ThinkBook.

Read: https://t.co/uKur2Jvp6t

#infosec #cybersecurity #hacking #malware","[['lenovo', 'firmware', 'vulnerabilities', 'cybersecurity', 'uefi', 'infosec', 'models', 'yoga', 'boot', 'notebook']]",none,"['CVE-2022-1891', 'CVE-2022-3431', 'CVE-2022-1890', 'CVE-2021-3971', 'CVE-2021-3972', 'CVE-2022-1892', 'CVE-2022-3432', 'CVE-2021-3970', 'CVE-2022-3430']"
The Record by Recorded Future | 7-year Android malware campaign targeted Uyghurs: report https://t.co/oxJxaJ8Vd7,"[['campaign', 'uyghurs', 'malware', 'android', 'year', 'report', 'targeted', 'record', 'future', 'infosec']]","[""['china', 'gpe']""]",none
gizmodo: hackers hide malware in app pretending to be china-repressed uyghur activist's memoir https://t.co/xvZQnHViVF,"[['china', 'pretending', 'repressed', 'app', 'uyghur', 'malware', 'memoir', 'hackers', 'activist', 'hide']]","[""['china', 'gpe'], ['isa', 'org'], ['uyghur', 'organization']""]",none
"RomCom RAT malware campaign impersonates KeePass, SolarWinds NPM, Veeam... üêÄ üïµÔ∏è

üñ±Ô∏è https://t.co/s0x8zVj3wB

#romcomrat #RatVerified #RomCom #malware #cybersecurity #cybersecuritytips #cybersecuritynews #cybersec #DataSecurity #dataprotection #data #USA #America #Americans #Web","[['solarwinds', 'keepass', 'malware', 'rat', 'romcom', 'veeam', 'npm', 'campaign', 'cybersecurity', 'news']]","[""['romcomrat', 'malware'], ['solarwinds', 'malware']""]",none
"AcidRain Malware and Viasat Network Downtime in Ukraine: Assessing the Cyber War Threat.

https://t.co/givdWgqrKo #infosec #cybersec #CyberSecurity #viasat #malware #Ukraine","[['viasat', 'ukraine', 'acidrain', 'malware', 'threat', 'cyber', 'downtime', 'war', 'network', 'attack']]","[""['russia', 'gpe'], ['viasat', 'organization'], ['acidrain', 'malware']""]",none
"VirusTotal: Threat Actors Mimic Legitimate Apps, Use Stolen Certs to Spread Malware: https://t.co/FhdNQFV9oM by Dark Reading #infosec #software #technology","[['virustotal', 'malware', 'apps', 'certs', 'legitimate', 'threat', 'actors', 'use', 'mimic', 'spread']]",none,none
"VirusTotal Reveals Most Impersonated Software in Malware Attacks - Skype, Adobe Reader, and VLC Player, 7-Zip, TeamViewer, CCleaner, Microsoft Edge, Steam, Zoom, and WhatsApp.  https://t.co/xqd6TaRM3w","[['vlc', 'zip', 'ccleaner', 'search', 'ads', 'google', 'malware', 'hackers', 'cybersecurity', 'website']]","[""['skype', 'system'], ['virustotal', 'organization']""]",none
"üö®ALERT: Users Warned of New Aerst, ScareCrow, and Vohuk Ransomware Families -

@Fortinet ‚Äôs security researchers have shared information on...

Find more: https://t.co/4YyqrCocTT 

#cybermaterial #cybersecurity #infosec #alert #cyberalert #aerst #scarecrow #vohuk #ransomware https://t.co/vWqCquURQc","[['vohuk', 'scarecrow', 'ransomware', 'families', 'new', 'aerst', 'users', 'cybersecurity', 'roundup', 'infosec']]","[""['vohuk', 'malware'], ['scarecrow', 'malware'], ['fortinet', 'organization'], ['fortiguard', 'organization']""]",none
"Beware: Tainted VPNs Being Used to Spread EyeSpy Surveillanceware https://t.co/6c4KfVfgs4

#DataSecurity #Privacy #Phishing #Ransomware #Cybersecurity #CyberAttack #DataProtection #DataBreach #Hacked #Infosec https://t.co/DOQagLIXhE","[['beware', 'surveillanceware', 'eyespy', 'vpns', 'spread', 'cybersecurity', '@thehackersnews', 'infosec', 'vpn', 'malware']]","[""['eyespy', 'malware']""]",none
"RT TheHackersNews ""SideWinder APT hackers compromised the official website of Pakistan's National Electric Power Regulatory Authority to deliver a new tailored #malware called WarHawk.

Read: https://t.co/sgbCF2hmHq

#infosec #cybersecurity #technews"" Stay up-to-date: ausreal.n‚Ä¶","[['cybersecurity', 'hackers', 'website', 'pakistan', 'apt', 'sidewinder', 'infosec', 'national', 'read', 'technews']]","[""['pakistan', 'gpe'], ['warhawk', 'malware'], ['sidewinder', 'malware']""]",none
"Escanor malware delivered in weaponized Microsoft Office documents: Resecurity, a Los Angeles-based cybersecurity company protecting Fortune 500 worldwide, identified a new RAT (Remote Administration Tool) advertised in Dark Web and Telegram called‚Ä¶ https://t.co/uaxwINfFIu https://t.co/RdRVHrdxgQ","[['malware', 'escanor', 'microsoft', 'office', 'documents', 'weaponized', 'cybersecurity', 'infosec', 'security', 'resecurity']]","[""['escanor', 'malware']""]",['escanor.live']
GO#WEBBFUSCATOR campaign hides malware in NASA‚Äôs James Webb Space Telescope image: A malware campaign tracked as GO#WEBBFUSCATOR used an image taken from NASA‚Äôs James Webb Space Telescope (JWST) as a lure. Securonix Threat researchers uncovered a‚Ä¶ https://t.co/12nsTZrK9D https://t.co/EZMjAjl0Lo,"[['malware', 'nasa', 'james', 'webb', 'space', 'webbfuscator', 'campaign', 'telescope', 'image', 'infosec']]","[""['webb', 'indicator'], ['space', 'organization'], ['securonix', 'organization']""]",none
GO#WEBBFUSCATOR campaign hides malware in NASA‚Äôs James Webb Space Telescope image: A malware campaign tracked as GO#WEBBFUSCATOR used an image taken from NASA‚Äôs James Webb Space Telescope (JWST) as a lure. Securonix Threat researchers uncovered a‚Ä¶ https://t.co/12nsTZrK9D https://t.co/EZMjAjl0Lo,"[['malware', 'nasa', 'james', 'webb', 'space', 'webbfuscator', 'campaign', 'telescope', 'image', 'infosec']]","[""['webb', 'indicator'], ['space', 'organization'], ['securonix', 'organization']""]",none
"Stealthy wiper #Azov disguised as ransomware destroys data instead of encrypting it, Amadey bot deploying Lockbit 3.0, US health dept. warned of Venus ransomware attacks, Worok hackers use PNGs that hide malware, and more in this week's ransomware roundup: https://t.co/wSUvAVCxBY https://t.co/8Tpz3kHL41","[['worok', 'malware', 'pngs', 'hackers', 'steganography', 'cybersecurity', 'bleepingcomputer', 'group', 'computer', 'infosec']]","[""['c&c', 'gpe']""]",none
"The Zscaler ThreatLabz team has recently discovered Xenomorph banking trojan embedded in a Lifestyle app in the Google Play store. The app is ‚ÄúTodo: Day manager,‚Äù and has over 1,000 downloads. This is the latest in a disturbing string of hidden malware.
 https://t.co/eKk30mflqb","[['banking', 'xenomorph', 'malware', 'trojan', 'day', 'todo', 'app', 'manager', 'android', 'sms']]","[""['zero', 'cardinal'], ['xenomorph', 'malware'], ['zscaler', 'organization'], ['malware', 'person'], ['google', 'organization'], ['trojan', 'person'], ['threatlabz', 'organization']""]",none
"Cisco Confirms Hack: Yanluowang Ransom Gang Claims 2.8GB Of Data

Cisco was hacked by the Yanluowang ransomware group.
https://t.co/TOorxi2tUO
#Hack #Yanluowang #Ransom #Gang #phish #attack #threat #security #data #datasecurity #networksec #itsec #cyberawareness #securityexpert https://t.co/JIFsivp9FO","[['cisco', 'yanluowang', 'ransomware', 'gang', 'gb', 'cybersecurity', 'data', 'hack', 'ransom', 'mfa']]",none,none
A modded Android version of WhatsApp named YoWhatsApp has been found stealing users‚Äô access keys. Security researchers at Kaspersky discovered that YoWhatsApp contains the Triada trojan that can steal access keys for users‚Äô accounts and send them to the de https://t.co/aPHc6jOxHO,"[['whatsapp', 'yowhatsapp', 'triada', 'trojan', 'app', 'android', 'cybersecurity', 'malware', 'version', 'users']]","[""['whatsapp', 'system'], ['yowhatsapp', 'system'], ['kaspersky', 'malware'], ['android', 'system']""]",['2.22.11.75']
"New Zerobot malware has 21 exploits for BIG-IP, Zyxel, D-Link devices https://t.co/2ZBf327IRB #Cybersecurity #DigitalTransformation #CyberAttack #Privacy #Dataprotection #DataScience #FAANG #BigTech #Tech #Technology #Blockchain #Innovation #Science #IT #BigData #Crypto #Fintech","[['ip', 'zerobot', 'big', 'link', 'zyxel', 'devices', 'd', 'malware', 'exploits', 'new']]",none,none
